name,age,street,city,state,zip,lng,lat
Aaron Barber,53,919 Anne Springs,Brownhaven,Georgia,58449,-66.699643,-60.0553625
Rebecca Rios,32,4693 Jones Unions Apt. 614,South Ashley,Arizona,79000,-121.093418,-45.1457125
Tiffany Long,63,8490 Henry Tunnel,Clarkborough,Alabama,09215,16.439891,-30.825887
Joseph Burnett,28,9209 Angela Streets Apt. 191,Port Michaelburgh,Pennsylvania,96987,42.386877,-1.726239
Wesley Foley,41,563 Joshua Vista,West Danielle,Michigan,10668,-46.395423,-1.016724
Ronald Johnson,37,374 Anna Isle Apt. 645,Leachberg,Indiana,76757,-97.471435,-13.2495485
Amanda Harrison,42,27679 Jeffery Green,Brianmouth,Arkansas,26878,-1.762746,-32.2030485
Justin Gordon,40,79412 Hart Motorway Apt. 955,Josephville,Michigan,50932,20.133338,-15.803934
Scott Ruiz,19,3584 Jackson Run Suite 297,Alyssatown,Missouri,96667,103.182730,40.300169
Matthew Williams,72,1101 Serrano Locks Suite 795,East Lindaberg,Alabama,13265,-121.643760,68.0482325
Cynthia Koch,48,5210 Wade Fall Apt. 481,Lisashire,Connecticut,04704,-157.826480,-16.158238
Sandra Melton,26,14321 William Pass,Mariachester,Arkansas,69996,179.982140,-8.8262005
Edward Mendoza,27,498 Kristina Valleys Apt. 834,Port Stacy,Kansas,73766,87.448396,62.5701975
William Cox,69,883 Jason Fields,Peterstown,Michigan,88285,62.531819,34.862263
Douglas Bowen,51,403 Marissa Fork,South Tiffany,Hawaii,48051,136.304225,10.202944
Samuel Silva,24,6354 Brandon Brooks Apt. 062,Bennettland,Oregon,67190,84.653649,-30.912034
John Keller,51,4715 Lisa Mills Apt. 572,Johnhaven,Missouri,10514,133.597273,0.5623445
Christopher Mcmahon,58,14096 Robinson Junctions,East Brian,Missouri,64928,-17.148838,7.1191835
Monica Lang,23,645 Tina Mountains,South Christophershire,Illinois,55668,87.872770,81.818978
Angela Smith,52,114 Adams Dale Suite 436,South Zachary,Arizona,55096,-116.428389,68.416248
Rachel Grant,24,0988 Ruiz Pass Suite 070,Johnsonmouth,South Carolina,56833,-77.782435,-6.3829175
April Ashley,27,48057 Shelby Springs Apt. 347,West Teresaborough,Wisconsin,20117,59.710340,44.038255
Melissa Kim,56,843 Katherine Stream Suite 659,Melissabury,Connecticut,46389,8.058656,56.8304175
Mark Brewer,58,50094 Scott Ridges,Leahchester,Idaho,61892,87.669505,89.3092085
Cindy Adams,28,64074 Kelly Groves,Rodneyton,Alabama,17257,-6.782890,75.114539
Jeffrey Rios,57,0351 Holmes Drive,New Nathanfurt,Delaware,67429,37.392785,1.9360195
Colleen Scott,28,4994 Catherine Cliff,North Bruceside,Nevada,02798,149.542071,-17.902418
Gregory Wagner,39,5959 Lindsey Wall Apt. 538,East Grace,Minnesota,34298,-101.263806,8.7790945
Chelsey Evans,24,61653 Wilson Crest,West Charlotteton,Georgia,27651,92.835752,89.7985285
Amy Perry,41,221 Porter Lodge,Courtneyland,Arkansas,67107,-36.934415,5.032121
Lisa Foster,75,6488 Kathryn Centers Suite 897,North Michaelfurt,Idaho,24273,16.161349,-38.0173895
Daniel Duran,27,58300 Rebecca Walk Apt. 532,Timothyshire,New Mexico,49547,-58.712451,-16.018681
Lindsey Anderson,42,5549 John Expressway,Markstad,Montana,86432,118.580869,43.542482
Alejandro Harris,75,5943 Dawn Wells,Annaport,Washington,03899,176.417608,53.268284
Ricky Soto,23,4940 Betty Roads,Port Raymondberg,Alaska,29280,-23.669692,19.008689
Jessica Spencer,36,785 Torres Mountain Suite 410,North Aaron,Texas,82981,-101.672945,-76.279223
Brian Wood,18,87410 Rush Park Apt. 721,Antonioview,Louisiana,54270,-50.402430,-7.100500
Tammy Hurst,79,1195 Warren Circle Suite 872,West Danielleview,Montana,20503,-143.605243,20.1667055
Ryan Simmons,55,376 David Springs,Lucasshire,Vermont,52351,88.300887,-41.784125
Kristen Hudson,79,361 Hernandez Point,South Martinland,Washington,87600,-59.391001,59.1290055
Elizabeth King,49,24478 Rodriguez Alley,Port Deborah,Michigan,99543,65.741239,-37.5873405
Christopher Sanchez,19,54877 Holmes Glen,Port Linda,Wisconsin,70897,60.673768,63.1890005
Jacob Gonzalez,54,3353 Susan Center Apt. 368,East Erik,Oklahoma,74696,110.020287,9.297598
Dawn Lozano,18,2000 Wheeler Port,West Juliafurt,Colorado,45753,12.363389,-84.3924385
Mark Stokes PhD,32,6720 Stephen Forge,Ryanbury,North Carolina,83454,125.282217,30.282190
David Smith,18,7088 Daniel Underpass Apt. 287,Alexisstad,Ohio,99511,-33.264665,-28.9380675
Amanda Nelson,73,077 Darren Shores Apt. 026,Katieside,Rhode Island,72319,-130.122267,-47.0580235
Shaun Sanchez DVM,43,861 Chapman Harbors,Lake Patricia,Utah,00822,-86.060142,56.8962385
Melissa Johnson,61,3725 Little Isle,Markberg,Utah,66670,-10.650659,41.378407
John Arnold,79,72308 Theresa Bypass,South Ethanhaven,North Dakota,12147,30.819372,-22.249292
Dr. Kathryn Allen,79,759 Torres Shores,Kimberlyport,Indiana,03882,-134.461154,6.2635205
Thomas Logan,72,19075 Cameron Brook Suite 290,Turnerchester,Washington,04105,131.168050,84.586914
Amanda Ramos,48,6399 Irwin Fords,Ryanville,Wyoming,52500,152.133111,-43.306492
Cindy Price,75,1130 Pratt Roads,West Cynthia,Alaska,83102,-124.153632,-60.773625
Jeffery Nichols,57,391 Tamara Island Apt. 469,Port Alicia,Idaho,61393,22.081081,-43.3919445
Lauren Sanders,34,075 Smith Trafficway,Wolfeville,Mississippi,30595,149.825879,25.8441285
Paul Nolan,26,257 Miller Corners Apt. 918,East Haleyburgh,New Mexico,35220,28.220114,-6.6479825
Amanda Tapia,54,6064 Jerome Cliffs Apt. 898,West Meghan,New Jersey,53644,-46.804282,-57.7107045
Elizabeth Willis,25,199 Patrick Mountain Apt. 847,North Kayla,Delaware,70871,169.641269,-73.0689095
Karen Stewart,25,256 Hawkins Lights Suite 806,Port Melanieburgh,Iowa,14567,80.718021,54.9711845
Steven Ellis,37,689 Trevino Shoal Suite 448,Kingstad,Minnesota,62922,165.152947,-85.1107405
Cameron Hill,77,7144 Rogers Skyway Suite 301,Markstad,Pennsylvania,63420,132.832755,8.9122085
Sheila Taylor,18,9939 Carl Walk,West Christopherland,South Carolina,66090,121.337977,-25.0812925
Andre Hubbard,67,78802 Jake Landing,Priceland,Arkansas,63715,-101.490127,-78.4677325
Michele Brown,24,53488 Johnathan Mills Suite 256,West Kevin,Arizona,58048,-60.968995,-21.361593
Audrey Brown,34,8921 Stewart River Suite 948,West Moniquechester,North Carolina,87621,-129.296831,75.1874225
Laura Taylor,65,3731 Heidi Lodge,West Faithburgh,Minnesota,84554,23.385201,-74.9378255
Timothy Hernandez,54,3257 Gonzalez Stravenue Apt. 129,West Emilyville,Louisiana,34158,130.518340,-81.8796185
Brittany Brown,39,20771 Mary Rapids,Leeville,Pennsylvania,92077,-6.353282,49.3555015
Wanda Maynard,58,56445 Stephanie Shoal,Lynnfurt,North Carolina,73911,167.361786,51.706486
Logan Andrews,65,25228 Richardson Knolls Apt. 096,North Margaretbury,New Mexico,61935,-19.575545,-78.2987825
Jennifer Adams,51,9799 Carter Ville,South Aprilchester,New York,16884,122.486509,4.256299
Melinda Tanner,58,78184 Moore Pine,West Amy,Nevada,61555,5.539555,-38.872044
Deanna Salas,63,9225 James Avenue Suite 494,Richardport,Michigan,57546,106.211800,53.9657845
Donald Giles,38,9298 Chambers Dale,Lake Jonland,Idaho,68387,-155.636459,-48.519959
Tammy Perry,55,52882 Timothy Fall Apt. 659,East Markport,Wyoming,68184,152.996434,-2.457980
Crystal Bailey,43,548 Miles Route Apt. 930,North Michaelport,Rhode Island,18662,96.239228,-0.152606
Jeffrey Rivera,77,1609 Matthew Point Suite 955,East Kennethhaven,Missouri,25952,-104.562734,-48.861011
Yvette Patterson,53,117 Rose Ford Apt. 735,West Kelly,Louisiana,21316,88.268675,76.125225
Patrick Dickerson,71,114 Steven Estate Suite 600,Pricemouth,South Carolina,82500,113.758451,50.573012
Christopher Lozano,49,5221 Kim Dam Suite 461,Meredithland,New York,19317,-152.532983,64.335443
Dr. Misty Conley DDS,37,60412 Velazquez Forks,Hillbury,Nevada,44727,-19.929936,10.550225
Austin Lamb,26,110 Castro Walk Apt. 148,Kathrynberg,Arkansas,48112,-173.646771,30.981733
William Shields,25,730 Christina Trail Suite 538,Adamsberg,Maryland,11459,174.958972,33.2030635
Megan Robles,76,319 Lacey Well Suite 218,Sylviaton,Nebraska,31598,-25.455308,47.803636
Sean Graham,46,69452 Morris Alley Apt. 212,Bowmanhaven,North Carolina,30983,-149.903190,32.8853355
Derek Anderson,36,34861 Zimmerman Wall,Davishaven,Delaware,44612,-19.977526,59.474896
Allison Johnson DVM,46,7846 Stephens Tunnel,Lake Lisa,Montana,96045,-56.816603,42.7535485
Madeline Parks,26,477 Donna Orchard Apt. 226,Juliatown,Minnesota,68854,152.490023,-88.9676925
Heather Gordon,74,9689 Moore Tunnel,Garrettstad,Ohio,46003,-9.348916,-68.769203
Jerry Thomas,73,5646 Adam Forks Suite 568,Andrewside,Oregon,49171,103.316340,-60.146269
Tamara Palmer,68,27969 Sanchez Villages Apt. 038,Melissachester,Arkansas,66212,123.084438,74.848669
Michael Gonzalez,60,5793 Robinson Lane,Georgeside,Nebraska,98675,10.824034,3.6927385
Lisa Becker,55,23540 Hicks Valley,East Jeremyside,New York,68567,-37.793846,51.808239
Jessica Cooper,56,552 Luis Islands Suite 251,South James,Vermont,47518,65.316004,57.774142
David Montoya,42,08687 Osborne Alley Suite 073,Lake Cathymouth,Nevada,80086,126.475018,-24.2866695
Nicole Swanson,64,136 Billy Heights,East Christina,Washington,22659,-46.002627,-50.174234
Mallory Garner,43,03431 Melissa Flats Apt. 275,Johnhaven,Louisiana,38426,-6.695966,-66.992029
Wayne Valdez,73,764 Kevin Point,Elizabethton,Maine,02163,-91.522524,-21.122947
Lisa Wilson,18,5299 Ryan Common Suite 000,Morrisbury,South Carolina,34130,-29.308511,56.535288
Nichole Powell,41,651 Stanley Path,West Vincentfurt,Louisiana,40313,-68.827605,48.0022195
Matthew Fisher,31,4033 Annette Gateway,Frenchside,Tennessee,63265,179.579987,-49.2898995
Kevin Jackson,53,196 William Crossing,West Brookefurt,Oregon,63479,85.729596,24.488236
Angela Brown DVM,41,4781 Nancy Fork,Williamchester,Minnesota,32699,133.513298,-3.941366
Jeffrey Gonzales,24,7306 Flores Heights Suite 507,Nelsonmouth,Kentucky,62919,-9.204230,-78.4089545
Ryan Davis,71,38999 Jennifer Turnpike,Popeview,Louisiana,43165,135.703083,2.4557615
Stephanie Le,53,416 Ramirez Keys Suite 894,Port Michelleshire,Wyoming,47744,17.017172,-57.956134
Matthew Ray,55,45443 Bianca Inlet,Acostaside,Nevada,55215,-124.797515,48.6246665
Nicole Casey,31,2643 Snyder Streets Apt. 948,New Richard,Texas,90142,-138.524705,-6.069847
Robert Little,31,7383 Schmidt Island,East Edwardbury,Arkansas,57719,-128.114290,35.705391
Michael Hanna,28,62461 Patel Orchard,Crystalshire,Maryland,78166,157.507052,-84.823673
Taylor Lewis,34,0732 Hancock Cove Apt. 028,South Rachelbury,Georgia,96825,-115.790760,-84.7463105
Julie Myers,73,50103 Ashley Rest Suite 892,Jamiechester,Wyoming,69246,-32.268567,-66.2530695
Jacob Martin,27,24909 Osborne Branch,Port Davidville,Louisiana,93119,132.181965,-3.3637385
Amy Duncan,28,076 Yates Courts,Millston,California,64443,-30.919300,-17.444807
Anthony Barnes,44,823 April Viaduct,Robinsonfurt,Pennsylvania,17951,-155.437037,-74.032532
James Gonzales,56,7896 Bush Ridges,Kylebury,Connecticut,14073,10.417247,2.137797
Ronnie Harrison,42,401 Brittany Islands Suite 172,South Mary,Alaska,10465,-76.284240,50.0982165
Luke Martinez,49,1341 Fox Unions Suite 087,West Kimberlyland,Alaska,26573,-101.481567,-59.620405
Sandra Phillips,20,4028 Robert Run,Myersbury,New Mexico,14705,-168.800226,76.1598495
James Miller,54,1553 Derek Knolls Apt. 957,South Andremouth,New Mexico,43280,33.884474,-60.256463
Roger Reid,56,11946 Fernandez Extension,West Christopher,New Hampshire,23855,-0.861221,30.300094
Matthew Gonzales,64,9880 Victoria Ports Suite 315,Tylerhaven,Washington,10961,-57.473101,61.2806555
Chelsea Sanford,77,76985 Michael Inlet,North Angel,North Dakota,49318,-153.158863,-74.2343145
Veronica Beck,26,01184 Kristy Squares,Port Judithton,Arizona,22516,-152.126037,-85.4486565
Bill Green,64,0220 Michael Oval,Reynoldsmouth,Massachusetts,31145,69.118274,17.128837
Thomas French,49,29171 Cole Summit,Cassandrafurt,Georgia,48229,-105.534761,-71.1866585
Kenneth Ortiz,36,5368 Hicks Haven Apt. 740,Lake Julian,Oklahoma,57667,-20.558567,83.595319
Amanda Shepard,22,553 Choi Crest,Nguyenville,Kansas,39734,113.429414,-83.264273
Veronica Donaldson,20,096 James Fields,East Russellview,New Jersey,60140,82.973423,10.952097
James Burnett,26,038 Ann Garden Suite 458,Port Robert,Louisiana,06357,127.018156,4.5555155
Jeremy Cruz,34,75469 Nicolas Valley Suite 049,New Kristinachester,Illinois,52256,-17.088580,28.9320945
Kimberly Suarez,69,24201 Valerie Crest,West Elizabeth,South Dakota,10663,9.472005,-75.3367245
Ann Smith,24,927 Jones Walk,Lake Kristenfort,Pennsylvania,45409,51.245310,75.117253
Christopher Hughes,26,305 Steven Neck Apt. 048,Kelseytown,Pennsylvania,84975,-42.805577,32.308795
Katie Hernandez,55,174 Barry Center,Hernandeztown,Alabama,31146,-109.573793,-10.244618
Jeffrey Anderson,23,5507 Ashley Highway Apt. 469,New Paultown,Louisiana,43642,-11.327211,29.2101565
Robert Simmons,59,2324 Janice Union Suite 841,Port Brittanyberg,Arkansas,27363,112.283149,-57.2556935
James Boyer MD,50,6958 Glass Row,Franciscochester,Minnesota,46986,-163.786424,53.8765265
Diana Harris,71,331 Snyder Mill Apt. 375,Port Sarah,Mississippi,70584,-88.634489,61.1684155
Alexander Sanchez,24,41571 Martinez Mill Suite 725,Glennchester,New York,71500,-56.551012,-75.228326
Tanya Shepard,58,02645 Emily Passage,Danielhaven,Indiana,68182,143.955471,-5.643686
Michael Silva,37,377 William Circle,Port Karen,Rhode Island,76580,-75.337115,52.4015705
Paul Vasquez,66,38329 Brian Motorway,West Barbara,Wyoming,07668,-112.482910,7.1494095
Elizabeth Baker,76,7573 Chang Skyway Suite 452,Juanhaven,California,02923,82.858731,74.420446
Dr. Vanessa Acosta,28,94557 Miller Squares,Cannonmouth,Washington,76092,49.679226,2.4974185
Kim Conway,62,2454 Jerry Ramp,West Robertshire,Virginia,81198,22.520520,-6.309437
Sherry Rocha,28,265 Nichols Glen Suite 385,East Richard,Oklahoma,11344,93.561084,-75.267662
Monica Stewart,50,13207 Booth Estates,West Andrealand,Massachusetts,88429,-151.711060,-7.9100665
Rhonda May,59,5699 Curry Landing Suite 758,Kirbyshire,Louisiana,29426,155.290239,-36.4887465
Amber Harris,52,398 Wells Lock,Lake Danielberg,Virginia,32942,-67.303454,-3.1555325
Gregory Johnson,41,91548 Campbell Greens,New Frederick,Louisiana,90665,-126.953611,74.8539595
Carol Monroe,32,2350 Leah Pass Suite 494,Tracytown,Louisiana,37671,-88.940946,50.4825165
Andrew Harris,74,9149 Lewis Mills Suite 692,East Micheal,Wisconsin,49937,178.780673,58.181194
Joe Shaw,62,0306 Rita Rue,East Benjamin,Illinois,75225,122.054993,13.1159995
Jasmine Moore,21,933 Nguyen Drive,Port Teresabury,South Dakota,56141,145.483333,61.438330
Nicole Ortega,70,454 Parker Gateway,West Micheleshire,Iowa,50342,-22.110399,23.220151
Donald Williams,53,994 William Radial,Port Zacharyburgh,Ohio,10713,-48.395218,-23.2112345
Vincent Moore,64,846 Patrick Falls Suite 411,Mendezchester,Kentucky,15104,-21.963186,-78.1540395
Taylor Crawford,26,960 Bobby Run Apt. 286,Amandaside,Washington,78116,-68.166034,70.2806865
Daniel Ochoa,52,0789 Cochran Plaza,Kristinmouth,Nevada,91480,-5.544304,47.180993
David Santana,25,9403 Diana Forest,Port Mariastad,Missouri,44987,-147.077871,56.188688
Zachary Beard,38,876 Brandi Turnpike Apt. 643,North Anthony,Montana,60947,34.903543,-87.4648795
Sylvia Torres,41,55928 Mark Plaza,Carlostown,Alabama,67829,-104.251574,89.3057765
Stephanie Thomas,30,48767 Michael Camp,East Mirandachester,Mississippi,61618,-98.827017,47.6464965
Erika Fitzgerald,38,53769 Gross Loaf,Port Debramouth,Connecticut,18213,23.127064,68.2346835
Steven Silva,66,53953 Hernandez Drive,Tranmouth,Louisiana,85335,134.313686,-3.4085425
Courtney Rivera,78,02893 Farmer Mill,West Emily,Rhode Island,92567,-137.494365,16.360243
Penny Jimenez,51,473 Mcmahon Tunnel,South Robertmouth,New Jersey,95180,148.443837,72.4345735
Philip Lucero,19,540 Rodriguez Manor Apt. 915,Lake Alexanderside,New York,31801,-5.331105,-51.447901
Jessica Schultz,75,9891 James Run,West Robertland,Colorado,54671,1.738060,78.6666485
Sabrina Coleman,46,8643 Rojas Brook Apt. 088,East Stevenhaven,Florida,19871,-110.202393,54.867042
Travis Mccoy,50,9040 Smith Summit Apt. 698,South Annaton,New Hampshire,56036,-167.507725,69.807639
Robin Daniel,61,0711 Ashley Wells,Patelland,Utah,86232,-32.538739,12.985991
Nicholas Sanders,31,67022 Donald Row Apt. 178,Cooleyside,Illinois,93127,-103.978161,23.1896645
John Harmon,49,5058 Russell Cliffs,Cordovaton,Minnesota,45956,95.019179,-17.543984
Andrew Rivera,24,2810 Evan Station Apt. 788,New Aprilstad,Hawaii,89127,-51.414045,22.721002
Jonathan Diaz,29,792 Martinez Drive Apt. 446,Port Kristy,Nevada,59779,-49.743141,23.7841255
Natasha Rojas,77,9851 Montgomery Burgs,Martineztown,Iowa,77705,-131.549994,48.5604535
Leslie Lopez,20,80463 Ashley Dam Apt. 574,South Lynnland,Texas,97379,70.508095,-87.474178
Lindsay Valdez,19,87136 James Center,Lindseybury,Missouri,63189,144.962609,16.802343
Tyrone Wilson,78,8067 Kennedy Inlet,Roblesborough,Montana,35531,-94.720510,73.744483
Kenneth Perry,51,385 Torres Point,Michelefurt,South Dakota,62996,125.157673,-21.177387
Danielle Garcia,41,886 Kennedy Glens Apt. 480,North Nicholas,North Dakota,36332,-37.014658,-83.597462
Amanda Santiago,79,084 Rosales Trail,West Matthew,Indiana,47666,155.275090,64.483846
Jessica Wilson,53,0289 Garcia Union,Lake Andrea,Vermont,21553,59.696262,23.2233215
Eddie Harris,50,169 Anna Rapids Suite 988,Jenniferstad,Idaho,94773,-36.213300,-66.546496
Donna Brown,27,775 Daniel Squares Apt. 061,Brandonberg,Pennsylvania,42793,87.745175,-33.6488825
Arthur Hardin,53,403 Johnston Flat,Carterborough,Nevada,87947,131.621776,19.660153
Robert Johnson,28,954 Gregory Turnpike Suite 582,North Melanie,New Hampshire,26888,5.089885,-38.8124585
Amber Thomas,22,683 Ferguson Centers Apt. 447,Port William,Connecticut,12851,5.056690,-0.550355
Meredith Martin,31,63199 Justin Plains Suite 766,Vanessatown,Kansas,08348,154.378758,-89.612512
Hector Hall,55,029 John Estate,Lisashire,Wisconsin,35880,-105.359375,-27.2496265
Erik Roman,30,21438 Mann Burgs,Lake Stephen,Georgia,25157,104.252240,-12.436051
Michael Hahn,32,21351 Lewis Street Apt. 871,Timothyburgh,California,49073,-151.311984,33.862330
Natasha Jones,49,66682 Seth Pass,North Heidi,North Carolina,54367,-158.935998,61.1717525
Michael Miller,65,8270 Mendoza Burgs,Davidville,New Mexico,50698,154.489929,-88.0719525
Brian Jennings,73,25590 Rose Grove Suite 678,East Davidchester,Georgia,83707,41.017708,-82.252088
Joseph Carter,63,3221 Ortiz Forge,Floydmouth,Tennessee,09123,-2.105964,10.891932
Melissa Anderson,55,7255 Rodriguez Dale,Ramirezchester,Louisiana,36980,95.925306,27.671709
Latoya Hall,19,30439 Murray Mill,North Markberg,Maryland,45795,53.620413,79.343220
Stephanie Gilbert,71,910 Lawrence Brooks,North Cynthia,Maine,78243,-111.902364,8.6352465
Tasha Cook,48,368 Brandon Curve Suite 555,Fishermouth,Virginia,88648,115.585991,84.4505515
Kenneth Nash,32,91594 Jeff Rest Apt. 069,North Malloryburgh,Georgia,81386,39.977071,47.3415815
Jose Aguilar,47,05327 Michael Junctions,Christinabury,North Carolina,22457,109.854010,-41.978163
Karen Brown,56,7194 Ashley Road,Randallmouth,Kansas,41744,-169.899624,64.523284
Bruce Thomas,18,4235 Cross Lodge,Brianside,North Dakota,49865,19.211355,-88.987638
Jacob Snow,31,252 Vargas Streets Apt. 731,South Robertmouth,Louisiana,69817,-73.486015,27.9203245
Luke Lopez,64,1575 Amanda Island Suite 073,Parkerburgh,South Carolina,67070,-79.041388,84.7658765
Allison Jimenez,50,008 Zachary Pass,Singhmouth,Nevada,38021,-100.332105,-58.549450
Kimberly Jackson,34,8976 David Underpass,Lunamouth,California,09279,-147.610271,-30.9973635
Austin Snow,26,8534 Flores Views,East Barry,North Dakota,59812,21.124883,-80.1797875
Tiffany Quinn,48,70210 Long Trail,North Loriberg,Connecticut,84942,135.337560,45.5693845
Cassandra Walsh,61,5147 Kristin Stravenue,North Amberstad,New Mexico,22142,-103.463022,-34.540113
Joyce Smith,18,17624 Jessica Light,New Ashley,Kansas,40940,-176.048411,42.902309
Lisa Smith,39,57218 Sweeney Station Suite 063,North Georgemouth,Idaho,40215,123.825801,32.4547725
Zoe Vazquez,47,80405 Scott River,Curtisborough,California,97156,-22.756948,16.297459
Kari Barton,77,52304 Ramos Passage Apt. 339,Walterview,Pennsylvania,15033,-133.716591,20.5060535
Christopher Horne,29,0801 Carlson Wall,New Tiffanyshire,Utah,66353,11.009213,-89.128883
Danielle Davis,50,35714 Cindy Valley,Alanbury,Oklahoma,44438,45.543806,73.672619
Susan Hernandez,70,9673 Joshua Viaduct Suite 054,Michaelborough,Massachusetts,08837,-100.199482,-18.5383985
Alejandro Villa,65,483 James Inlet Apt. 300,East Kristaborough,Iowa,80844,-127.994435,62.252501
Jessica Hansen,45,571 Jessica Centers Suite 231,East Angie,Alaska,87718,-3.231720,32.368048
Gary Odonnell,63,0884 Jennifer Lodge Suite 362,West Stephenmouth,Pennsylvania,26313,117.329391,-51.0797855
Ernest Howell,48,6583 Sara Lock Suite 666,New Mary,New York,15914,-53.035885,76.461051
Charles Cruz,66,53582 Sampson Station,Clarkmouth,Indiana,07299,25.687429,6.2759535
Joseph Johnson,46,36054 Gomez Mountains,North David,Colorado,66660,39.390333,43.7372015
Ryan Gutierrez,38,2508 Kelly Skyway Suite 402,Escobarmouth,Michigan,78600,53.315595,67.8858355
Samuel Cordova,23,183 Jordan Flat Apt. 700,Pamelaville,South Dakota,88186,-97.346961,-43.6633265
Jason Fuller,29,177 Miller Ford,Alvarezstad,West Virginia,88862,157.462168,51.589699
Tina Mclaughlin,40,37339 Cain Estate,North Colin,Alabama,91137,123.893689,41.346662
Edward King,48,53086 Sandra Path,North Jacobburgh,Oregon,24833,-71.216462,78.1110535
Debra Cowan,24,733 Owen Spur,Port Patricia,Nebraska,18448,-101.362082,-4.2163665
Donald Johnson,21,574 Ricardo Park Suite 707,Josephshire,North Dakota,80978,-130.601078,46.8010595
Daniel Norton,28,670 Parker Views Apt. 896,Port Jennifer,Washington,41864,156.139765,60.6467085
Laura Taylor,72,918 Decker Grove,Lake Annahaven,Maine,33784,49.548582,64.873691
Mallory Gardner,56,49874 Burton Pass Apt. 053,New Tyler,Ohio,33701,103.112247,-9.154092
Donald Turner,71,41316 Brown Hill,Julieburgh,Utah,13930,-90.056844,78.3269645
Jennifer Kim,33,565 Sloan Via,Port Glennport,Vermont,64848,117.787760,-53.902234
Edward Reese,33,1810 Brown Brooks,West Joshuaview,Virginia,62735,-13.963431,56.829711
Diana Wilson,61,69621 Chad Track,Port Christopher,Connecticut,22303,28.478913,-12.292181
Robert Allen,19,94936 Williams Course Apt. 258,Deniseberg,Alabama,30190,-159.716657,-69.117253
Robert Simpson,78,9212 Hudson Summit Apt. 746,East Colleenchester,Pennsylvania,07495,132.845334,-77.8500545
Sonia Parker,72,32826 Jeffrey Street,North Audreyfort,Louisiana,62232,147.495447,87.622788
Mr. Ethan Clark,79,77281 Sanders Greens,Zacharyland,Kansas,28491,-11.163093,-49.0498445
Pamela Howard,26,6328 Rose Ridges,Cervantesfurt,Oklahoma,78910,-55.000624,16.703230
Sara Barnett,80,61243 Nathan Wells,South Johnnyport,Connecticut,94628,170.565068,-40.035392
Mr. William Walters,60,523 Katherine Spring Suite 111,South Julie,Iowa,99449,-118.653013,-30.117569
Albert Peterson,25,3599 Amanda Fork Suite 849,South Brent,Maine,79133,-68.663423,-58.7033215
Dr. Cameron Stone,75,828 John Trace,Emilyfurt,Maryland,27707,125.662079,89.0227275
Marissa Anderson,58,5992 Brown Groves Suite 820,South Victorborough,Wisconsin,95155,-104.120849,-48.837518
Jessica Schroeder,77,883 Smith Plains Suite 568,Reedtown,Pennsylvania,88527,31.518462,2.616717
Robert Cook,69,567 Alexander Valleys Suite 900,Alanmouth,Ohio,39493,-3.736825,36.5638805
Lori Smith,30,042 Donald Forge,Gomezbury,Rhode Island,67288,7.866325,-40.5186895
Doris Francis,58,618 Teresa Overpass Apt. 647,Jadeborough,Colorado,64719,76.179323,-6.6823125
Monica Brown,25,876 Morgan Junction,New Brendanmouth,Vermont,82190,110.736981,-32.2427005
Kathleen Myers,23,771 Cannon Well Suite 592,North Josephborough,Mississippi,19784,2.277159,-33.901436
Christopher Norris,72,75824 Susan Wells Apt. 930,Lake Nicholas,Alaska,38873,-107.094571,-28.392241
Joshua Fox,59,493 Melissa Key,Jamesmouth,Pennsylvania,90922,67.832586,-23.582620
Scott Lamb,68,839 Marshall Green Suite 195,Pinedaland,Vermont,69844,104.340380,72.296915
David Brock,73,865 Eddie Gateway,Carterberg,Alabama,16562,78.701595,25.516894
Erika Frye,44,42835 Tonya Spurs Suite 857,Morrisonport,Illinois,44122,-46.327210,-89.561280
Joseph Camacho,77,7593 Connor Locks Apt. 274,South Thomasport,Connecticut,20499,57.188891,-15.772478
Christopher Wade,34,68155 Brown Haven,East Matthewland,Colorado,47297,-49.227626,68.5710535
Autumn Phillips,63,5556 Fisher Row,Chelseafort,Virginia,43058,-4.348955,41.7372485
David Mcintyre,76,51151 Anthony Bypass Suite 595,Lake Alexander,Michigan,28736,-74.602879,0.8788635
Christopher Ross,41,633 Hamilton Course Apt. 419,New Amanda,Indiana,40890,-125.638622,41.577099
Kelly Andrade,64,7537 Rich Junctions Suite 558,East Ebony,Missouri,51452,-152.563844,51.6816565
Holly Newton,30,24835 Johnson Wells,Port Jeffrey,Mississippi,44282,-4.207377,78.212189
Dylan Ayala,56,8774 Warner Plains Suite 981,Ashleychester,Utah,62904,120.604042,-7.7078695
Laura Wolf,68,825 Gallegos Forest,West Elizabethland,Arizona,49508,-137.963721,-89.2266685
Jesse Harris,66,244 Jennifer Roads Suite 892,Lake Laurentown,New Jersey,30063,-22.282903,58.8275425
Caroline Wood,35,801 Stephen Turnpike Apt. 988,Latoyafurt,Kentucky,92066,-153.381251,31.969160
Dennis Richards,53,8280 White Mill Apt. 503,East Michaelport,West Virginia,29976,2.680476,-10.692046
Jillian Jimenez MD,65,97412 Ricky Row Suite 448,New Janet,Hawaii,51638,-131.940878,-38.2342925
Kyle Jones,34,0701 White View Apt. 697,New Tristanborough,North Carolina,41287,-119.654134,71.2656685
William Moore,76,4719 Dawn Fields,West Michaelborough,Nebraska,14421,162.835414,-51.913869
Jeremy Sherman,21,51924 Shelton Valley Suite 994,West Jonathan,Indiana,73895,-12.502439,-68.9522165
Kimberly Smith DDS,70,9444 Kara Mall,Lewisport,North Dakota,10052,-101.588340,-60.805071
Tracy Sims,80,925 Wilkinson Curve,Perezberg,Washington,50770,-110.849781,72.101754
Jonathan Cook,79,61465 Keith Ports Suite 597,East Breanna,Tennessee,84458,-31.401450,-27.180646
Rhonda Jones,22,817 Lisa Walk,Jeremyburgh,South Carolina,38184,120.030759,-81.661347
Tammy Marshall,55,8856 Sanders Estate Suite 302,Lake Kaylaport,Massachusetts,10193,-51.136120,40.4157255
Robin Davis,35,89712 Ramirez Road Apt. 745,Patriciafurt,Illinois,82238,97.906017,-41.152487
Rick Snyder,75,7185 Phillips Ford Apt. 725,West Amberhaven,New Hampshire,00680,-170.783710,10.766743
Daniel Walter,50,909 Jillian Forest,South Jessicachester,Kansas,70398,12.524686,-42.5687605
Melissa Gill,77,2141 Rodgers Skyway,East Josestad,Wisconsin,86339,-21.568672,-36.0768325
Melissa Thompson,61,671 Diane Roads Apt. 319,New Michael,New York,82016,-110.733873,-32.539077
Kevin Newman,26,0988 Elliott Crossing,Port Joshuabury,Maine,27263,-174.770568,-8.2626525
Deborah Jones,49,641 Michelle Key,Port Mindy,New Hampshire,85900,176.038276,1.3045935
Anthony Hobbs,54,7606 Gross Manor Apt. 952,South Kaitlynfurt,South Dakota,69538,118.282267,31.7561545
Jennifer Young,19,885 Jessica Green Apt. 142,Cortezfort,Michigan,42311,175.026789,61.5520825
David Crosby,53,9444 Joseph Plains,New Matthew,New Mexico,30390,-168.176728,-53.251033
Russell Chapman,75,396 Anthony Union,Lisaberg,California,59994,-159.713872,45.294316
Jennifer Colon,56,07584 Ryan Spring Suite 889,Watsonchester,Vermont,59332,-44.626622,72.8594465
Dawn Wilson,42,51306 Rachel Forks,New Donaldberg,South Carolina,68391,98.237861,-10.074651
Dawn Sanders,71,88397 Jason Walk,West Christiantown,Iowa,50339,-169.955191,84.6210585
Jamie Sanchez,34,26234 Darin Fork Suite 446,Tinafort,Kentucky,81618,146.002421,1.401866
Mindy Wheeler,49,7707 Michelle Green,East Nicole,Kansas,06109,12.693432,64.825529
Cynthia Gonzalez,21,50163 Todd Tunnel Suite 665,Josephtown,Massachusetts,58185,-91.773570,27.396166
Barbara Turner,49,47836 Jennifer Road Suite 672,Rodriguezport,South Dakota,17604,131.719390,19.930519
Tamara Sutton,24,7884 Carroll Fields,Grayburgh,Wisconsin,78257,113.671677,-85.471652
Rebecca Nash,69,7564 Robert Well Suite 427,Lake Luisfort,Indiana,51248,98.222578,52.1058405
Peter Allen,39,77162 Kathryn Pines Apt. 572,Amandafort,Delaware,18594,130.010181,87.1901095
Paul Thomas,47,693 Lewis Junctions Apt. 155,Hannahview,Rhode Island,09514,166.768833,4.872616
William Deleon,53,54033 Michael Causeway,Campbellberg,Iowa,82580,-51.402571,-36.246788
Chad Collins,27,738 Herring Plaza,West Nicolestad,Arkansas,89474,43.776506,-32.359337
Mr. Dakota Padilla,25,50122 Young Rapid,Jacquelinefort,Pennsylvania,66898,-127.880624,-24.682898
Beth Barrett,20,373 Brown Manors Apt. 981,Port Jordanberg,Nevada,71318,79.724906,20.658919
Joshua Wilson,62,6649 David Ridge,Davidfort,Kansas,18363,-30.457392,28.634296
Eugene Price,49,627 Johnson Mill,Jeremyview,Nebraska,63763,-15.022052,-73.622978
Jacob Hogan,75,83789 Susan Extension,Lake Codyborough,Oregon,56103,-68.839731,41.060794
Raven Wilson MD,19,790 Anthony Valleys,Michaelshire,Idaho,30056,173.821558,82.4021195
Jason Collins,43,6225 Colin Path,Lake Paulside,New York,26405,25.003129,51.1545835
Diana Valdez,27,7000 Curry Hills,Woodsstad,New Mexico,20919,-58.627692,70.9546195
Kenneth Smith,28,9653 Anthony Square,Watsonstad,Michigan,56610,-179.707581,-39.0608715
Alyssa Wheeler,37,151 Paul Well Apt. 310,North Mario,Tennessee,90755,-26.309224,22.119864
Mary Richardson,74,959 Kirby Extension,North Codyview,Michigan,32296,21.234204,-28.985937
Brittany Cochran,46,6901 Guzman Islands Apt. 988,Erinland,Nevada,79175,-44.108845,-53.0489705
Michelle Flores,64,62571 Scott Plains Apt. 187,Katelynside,Alabama,61923,-32.588344,-45.0498365
Karina Green,51,1323 Cynthia Squares,West Sarahview,South Dakota,14372,-89.193785,-74.351664
Shelly Fitzpatrick,48,345 Cody Views Suite 970,Lake Dawnberg,Connecticut,69597,-90.671042,-64.2549265
Allen Brady,47,61788 Koch Fort Apt. 848,New Jacobport,Alabama,04496,-66.990253,-69.8017275
Hannah Schwartz,47,26040 Ward Brook,Port Courtneyborough,Utah,35267,-107.629482,-67.8216975
Cody Morrow,51,5478 Salinas Pines Suite 631,Duncanfort,Utah,14194,-88.872748,36.823585
Bianca Hahn,31,7638 Brandon Road Apt. 755,Lake Brooke,Pennsylvania,43062,148.643031,75.1039595
Kevin Gentry,55,9957 Patrick Stravenue Apt. 453,South Jonathan,Indiana,92215,-166.698276,66.548803
Shannon Jefferson,28,67623 Taylor Points Apt. 718,East Jacobville,Nebraska,35878,144.804641,-10.016244
Madison Lucas,70,9800 George Islands Suite 912,Matthewstad,Alabama,35651,-152.871707,27.9990805
Timothy Williams,69,226 Jenny Squares Apt. 648,New Lindafort,Hawaii,44280,167.511081,35.2393865
Brian Hart,29,24543 Hancock Park Suite 974,South Rebeccaview,Pennsylvania,21197,-107.127444,-24.1046555
Loretta Johnson,32,9158 Miller Views,Kyleburgh,Ohio,17510,-18.479330,-74.013831
Cathy Chandler,50,520 Stephanie Road,Port Williamstad,Virginia,06045,-64.157371,-24.934975
Megan Weber,36,878 Miller Junctions,Tinafort,Florida,33962,127.923230,-47.6074285
Craig Mendez,65,3688 Rodney Cliffs,Williamsburgh,Tennessee,32030,164.125014,52.160622
Stephanie Hansen,26,779 Douglas Groves,West Angelamouth,Tennessee,50900,-80.018711,-2.2350775
Amanda Harris,71,9917 Gonzales Courts,East Jeremyside,West Virginia,90950,144.483215,54.8731785
Mrs. Sara Sanchez,26,8853 Lewis Plaza,Smithfort,Mississippi,23144,-176.978990,-62.1199715
Mark Coleman,63,7160 White Street Suite 866,West Nathanmouth,Pennsylvania,56522,-89.806144,-49.075535
Walter Barber,55,078 Melissa Port,Palmerfurt,Indiana,13260,55.252631,56.233440
Alexandra Jones,37,5560 Jason Harbors,Martinezmouth,Arizona,02967,-40.976463,70.985531
Jason Walker,48,09908 Singh Vista,Johnbury,Massachusetts,74215,-168.061288,-74.6813995
Danny Blackburn,54,8664 Kelsey Glens,Petersonstad,Colorado,69854,75.727605,-46.503349
Jennifer Turner,66,333 Michael Passage Apt. 924,Emilyshire,New York,86516,-53.949673,88.5266505
Nicholas Horton,23,5189 Baker Lodge,Michaelton,Wyoming,83253,175.134468,6.5698495
Rachel Bowen,48,149 Saunders Grove,Brianton,Louisiana,98100,-139.464513,37.755958
Sara Dorsey,69,8882 Jamie Junction,South James,Arizona,11117,-140.886283,53.2468195
Keith Smith,41,1572 Dale Extension Suite 406,New Nicole,Idaho,82243,-90.126801,-58.934948
Shawn Castro,21,456 Compton Camp,Port Jeffery,Massachusetts,40146,111.819943,-15.435609
Kathy Gonzalez,76,1689 Stephanie Union,New Olivia,Colorado,45072,-173.101825,-10.9054965
Nicholas White,30,568 Joshua Tunnel,Port Michelle,Arizona,15578,105.428154,-3.456474
Matthew Johnson,77,0593 Justin Trail,Kristinburgh,Mississippi,61944,71.068444,-3.9816365
Brianna Brewer,80,26914 Charles Way Apt. 713,New Christopherstad,Washington,43597,-49.524449,88.052854
Kimberly Ashley,57,8620 Timothy Curve,South Martha,Missouri,10137,71.913143,37.894781
Kathryn Fisher,65,863 Shannon Club Suite 882,Grayshire,Washington,60151,3.786512,21.007021
Christopher Vazquez,24,2410 Gallagher Village Suite 204,Jessicashire,Missouri,75726,-24.035853,-46.1550235
Sandra Stanley,53,25891 Young Lane,Campbellhaven,New York,45665,113.409579,2.075326
Cindy Patel,28,26188 Matthew Cliff,Luisberg,Connecticut,15046,77.308254,-13.6057525
Sean Greene,70,81560 Hughes Parks,South Nicholaston,Vermont,91404,121.898258,78.8308655
Ethan Williams,47,885 Elizabeth Points Apt. 652,Elizabethbury,Maryland,64422,21.196755,25.0306235
Nicole Spence,47,055 Boone Cliffs,New Margaretmouth,Oregon,83736,73.806230,80.107757
Sarah Scott,27,1433 Alejandra Bridge Apt. 562,West Jamesside,Delaware,93627,-61.063154,76.796740
David Floyd,22,5766 Martin Expressway Apt. 722,West Maryfort,Wyoming,03830,-90.876669,20.691630
Jade Waters,53,36633 Francisco Ramp,New Jenniferfurt,Georgia,80047,99.054644,81.159140
Donna Lopez,33,3528 Brooks Roads Apt. 858,East Carolyn,Kentucky,79967,92.288724,23.978492
Courtney Perkins,35,1608 Stewart Fords,Shelleymouth,Wisconsin,88031,-170.190450,82.884934
Jeremy Weaver,23,084 Elliott Gateway,Jessicamouth,Mississippi,60811,-102.221612,3.120193
Sarah Wallace,53,9478 Compton Ramp Apt. 511,Underwoodview,Oklahoma,63271,156.900082,-38.9115325
Jacob Taylor,64,11834 James Locks,Lake Keith,Hawaii,09996,-0.267236,-73.231066
Alexandra Gallagher,70,9025 Dennis Dam,East Amanda,Arizona,12312,-66.338355,-73.3413475
Tabitha Smith,35,797 Brenda Forest Apt. 566,West Amanda,Arkansas,55572,65.245278,30.8466825
Julie Ford,63,270 Rachel Mews,New Jennifer,Kentucky,19332,21.147222,54.824027
Courtney Reynolds,53,893 Darryl Junction,West Robertton,Texas,51014,-24.965034,16.0810095
Sarah Conner,29,0742 Jacob Rapid,New Jason,Utah,77951,-141.862552,-59.1059235
Yolanda Horton,58,2957 Cook Freeway,East Markville,New Mexico,23242,-72.643856,23.4854305
Joseph Ball,20,9513 Natalie Fort Suite 515,North Jamesborough,Maine,74201,-95.188621,54.629656
Ann Montoya,66,16332 Michelle Heights Apt. 754,Sherrishire,Texas,12402,117.807459,67.1243885
Debra George,64,16392 David Well,North Timothymouth,Connecticut,16014,-79.733836,88.7107115
Clifford Edwards,53,398 Maldonado Forges,Fordshire,Maine,67290,117.837455,3.7964115
Terry Caldwell,76,63828 Sullivan Station,Stewartberg,Arkansas,54035,-63.464287,-81.689138
Deborah Escobar,21,297 Tina Corners,West Sandrashire,Maryland,77237,84.891683,-44.586429
Mrs. Nicole Brandt MD,58,241 Jennifer Bypass Apt. 693,Port Zacharyhaven,New Mexico,43854,-112.087524,-67.615071
Laurie Jackson,30,89706 Derrick Drive Suite 485,Mirandafort,Vermont,61157,-53.548808,85.3543105
Samuel Carr,69,46441 Danielle Lodge Suite 683,New Matthew,North Dakota,38483,132.139814,74.679300
Paul Cole,21,0495 Brendan Lane Suite 666,Ericksonfurt,Oregon,99747,-41.568999,-25.374298
Mark Thomas,52,0505 Page Ridges Suite 966,Cookmouth,Arkansas,74549,47.560285,-19.919237
Stephen Freeman,32,562 Green Circle,Jamesbury,Michigan,78393,79.063335,14.3351935
Matthew Kerr,73,67271 Hall Rue,Tonyaville,Texas,67412,-64.893868,86.4705275
Nicholas Jackson,61,10538 Christie Alley,Christinehaven,Colorado,45416,-99.558771,-86.4238885
Julie Hart,20,286 Joshua Pine Apt. 799,North Cynthia,Indiana,00570,-95.460561,19.5528065
Bruce Dalton,56,58995 Sullivan Ports,Normanbury,Pennsylvania,73762,90.693243,-12.3048415
Michelle Elliott,21,54588 Michael Mission Suite 530,West Kim,Pennsylvania,14710,136.448085,-64.718476
Robert Farmer,76,15724 Laura Shoals,Pinedaville,New York,29651,-35.312239,-41.2853125
Alexandra Miller,43,1714 Danielle Glen Apt. 233,Amandamouth,Nevada,11709,-46.377223,76.6900025
Charles Kirk,65,68387 Becker Loop,Alexandratown,Hawaii,15075,111.166341,-22.766783
Jacqueline Brooks,78,3235 John Wells,East Christina,Oklahoma,16427,-66.090942,-8.158160
Madeline Mcclure,32,6893 Paul Meadows,East Ashley,South Carolina,80905,175.799251,50.215930
Courtney Gray,50,7366 Lisa Station,Johnchester,Connecticut,96915,-174.686057,-78.9755855
Daniel Wiley,47,93467 Vincent Curve Apt. 831,East Robin,Colorado,48785,28.911839,-89.827421
Pamela Salinas,76,5502 Juarez Parks Apt. 045,Lake Lisa,South Carolina,33474,-60.109165,-67.706078
Allison Wilson,36,395 Pittman Place,Alexandraburgh,Montana,13739,36.505346,22.736449
Sandra Francis,72,8866 Fitzpatrick Pike,West Williamfort,Arkansas,85637,118.247151,-34.6580145
Lauren Gross,39,1574 Horn Summit Suite 196,Jonathanmouth,Iowa,47385,-66.976567,-80.367504
Jennifer Peck,80,7482 Lewis Lane Apt. 588,Michaelfort,Connecticut,01705,-56.544488,-25.869822
Anthony Green,66,9543 Nunez Extensions Apt. 195,Lake Sarahstad,South Dakota,02611,-156.582974,-53.0506995
Karen Smith,60,205 Jimmy Mission Suite 052,East Rebecca,West Virginia,99819,83.671149,-41.469630
Mark Ramirez,32,80169 Johnston Divide,Myerston,Michigan,73617,-30.585560,-36.0182305
Christopher Saunders,79,1730 Amanda Estates,Peggyton,Alabama,06837,-56.456449,-57.0209975
Sean Roberts,37,3740 Frederick Villages,Shermanchester,Pennsylvania,42012,-140.312206,-59.346223
Roberto Daniels,73,14612 Dunn Alley,North Pamelaburgh,Idaho,93687,-75.827433,6.021949
Dana Vargas,55,94291 Ponce Harbor,Hansonchester,New Hampshire,28903,88.647112,27.685996
Jose Coleman,64,947 Karen Stream,East Danielleton,Michigan,57639,171.962225,-22.822824
Frank Berry III,39,975 Sandra Drive Suite 186,East Reneeborough,North Carolina,23691,-101.558200,56.018176
Natalie Hensley,30,6275 Jeffery Brooks Apt. 881,Lake Jose,Kansas,68194,172.056886,69.3849585
Brittany Vasquez,78,541 Patricia Fords,Port Josephshire,Wisconsin,49210,89.429437,-83.9528925
Cristian Smith,62,851 Christopher Mills Apt. 400,Meganland,Mississippi,16098,-35.864794,-69.5084225
Troy Aguilar,76,1307 Griffith Place Suite 313,Natalieshire,Arizona,39589,-114.866567,-67.2577555
Lance Deleon,77,77843 Parks Viaduct Suite 466,Alvarezhaven,Alabama,66751,143.160376,-81.0018035
Kristen Green,65,61732 Gonzales Ports,New Kelly,Wyoming,97749,-147.185897,-89.194222
Jacob Bradford,53,817 Shannon Glens Suite 500,Scottmouth,Kansas,10820,-27.232211,6.015533
Joseph Brown,68,5660 Byrd Mount Suite 192,West Alicia,Oregon,84176,113.228569,-68.781868
Charlotte Martinez,50,851 Brett Fork,North Angelaton,Tennessee,12509,-129.456053,82.871852
Timothy Miller,58,14015 Luna Skyway Apt. 052,South Christine,New York,59382,58.462254,58.9212365
Kathryn Cruz,67,7764 David Roads,East Anthonyville,Oklahoma,83776,-130.274933,-52.2690645
Kimberly Lewis DDS,32,515 Clayton Way Apt. 083,New Elizabeth,North Carolina,84509,9.625011,32.008534
William Knight,31,242 Allen Lodge,Port Carolynview,Nevada,47720,-123.000502,45.982674
Christie Johnson,43,56443 Rogers Meadows,Timothyshire,Connecticut,88077,-4.154274,-37.409685
Christopher Munoz,58,5168 Carroll Spring Apt. 469,Aprilborough,Connecticut,76592,-26.747952,-82.373188
Morgan Mendez,74,4690 Troy Gardens Apt. 271,Hendersonview,Indiana,90237,143.853993,72.197408
David Schultz,48,521 Green Spring,South Sarahshire,New Jersey,30551,-139.121516,-80.573671
Jacob Robertson,59,19951 April Spring,New Michaelmouth,Oregon,34808,-55.953614,11.188982
Kristie Johnston,49,82180 Thompson Summit Suite 124,New Ericmouth,Kentucky,42541,98.954889,-6.276281
Ruben Martin,19,051 Meyer Common Apt. 033,Port Arthur,Virginia,95249,89.989105,-63.834982
Randall Horn,54,439 Kelly River,Leehaven,Alabama,46893,135.309967,-0.190179
Gabriel Ross,71,907 Jones Place Apt. 890,East Curtis,Maine,58994,176.624399,-82.881727
Kimberly Turner,58,30461 Torres Rest Suite 565,Gallegosfort,North Carolina,00590,21.794976,51.274048
Toni King,72,78261 Kathleen Mountain,Jonesport,North Dakota,86961,-97.857634,-82.423484
Ronald Brown,51,48151 Sarah Estates Suite 201,South Brandonside,Washington,82229,-179.678305,-25.779499
Margaret Schwartz,47,23783 Debra Ridge,Bellshire,Wyoming,22154,-88.878829,30.430802
Jesus Davis,74,815 Mckinney Common Apt. 953,North Heather,Iowa,20928,-142.519569,-37.0325215
Anna Lane,71,040 Christopher Ports,Wilkinsstad,Arizona,56781,-170.295346,51.3351235
Dennis Fitzpatrick,33,31403 Cody Isle Suite 086,Port John,Virginia,37552,22.233887,-51.876340
Ray Phelps,32,153 Bryan Cliff Apt. 792,Lake Tyler,Tennessee,79942,172.860694,5.691831
Erica Hunter,50,0242 Mclean Coves,Millerborough,Idaho,28697,6.880563,85.707948
Lori Hodge,40,0755 Denise Centers Suite 529,Lake Michaelville,New Jersey,87869,-111.621721,-47.1085685
Michelle Rios,45,868 Whitney Orchard Apt. 597,Robertborough,Alaska,59364,78.043280,-43.176527
Rebecca Wilson,22,21429 Dennis Underpass,North Haleychester,Ohio,90310,19.574480,79.6494485
Angela Hoover,21,56621 Katherine Pine,New Jasonfort,New Hampshire,12317,-81.990881,-59.7918525
Elizabeth Smith,64,6952 Burton Hollow,Robertville,Idaho,46192,64.183354,-1.457300
Ashley Hardin,46,548 Lopez Prairie,West Joseph,Oregon,48278,132.484202,5.014512
Jack Thompson,56,48223 Hernandez Throughway,New Jamesstad,Missouri,20321,148.726446,62.089324
Joanne Greer,77,61664 Perez Gardens,North Ashleyport,Montana,48448,7.055534,32.238710
Victoria Harris MD,48,3204 Taylor Gateway,West Jenny,Georgia,44007,-96.768490,-61.8348455
Lori Nichols,39,112 Foster Harbor,South Williamshire,Pennsylvania,72674,-94.565304,89.7441405
Travis Joseph,62,06114 Christina Flat Apt. 032,South Rodneyport,South Dakota,86901,-1.507479,-7.4892445
Christy Garner,39,2143 Chelsea Fork,Harrisonport,Utah,95113,-104.015374,-65.2154645
Clayton Murray,63,05955 Mcknight Rue Suite 516,South Duanefurt,North Dakota,57082,0.809453,53.5209555
Vickie Jones,77,926 Sylvia Shores Suite 401,Marshallhaven,Delaware,78843,147.020079,-1.0980745
Austin Hanson,61,293 Wendy Junction Apt. 362,Port Josestad,Arizona,94701,-63.182625,-13.5555225
Teresa Benson,79,55764 Crystal Loop,East Shannonstad,Wisconsin,98549,33.705828,60.4281255
David Barnes,46,4582 Combs Pines Suite 328,Gregorychester,Illinois,69171,-102.409226,18.972594
Kyle Thompson,48,46814 Marie Hills,East Johnton,Wyoming,33762,-88.675237,41.9178525
David White,51,361 Mack Spring,Courtneymouth,Nevada,56988,114.854596,73.3580845
Kelly Smith,60,0739 Hawkins Station Apt. 857,West Patrick,Iowa,06735,152.852772,-70.917953
James Woods,53,66907 Heather Islands,East Tamaraport,Texas,60757,-65.927421,-47.743704
Donald Carter,37,325 Thompson Drive,North Sarahland,Arizona,44088,-23.312914,41.367436
Arthur Meyer,36,44535 Linda Stream Apt. 299,Knoxburgh,Wyoming,89820,-37.084098,49.375266
Tabitha Miller,73,36024 Jones Shores Suite 197,Kaitlynshire,New Jersey,85125,-104.108096,49.2364405
Kelly Barrett,77,785 Fernando Street,Chavezborough,Michigan,23316,131.299004,-11.513677
Holly Calderon,50,2526 Tapia Highway,Rodriguezstad,Mississippi,89953,-147.003316,50.026338
Jamie Williamson,80,59836 Emily Mountain,Jeffreyfort,Maryland,66835,-63.297301,-57.7570475
Linda Cervantes,39,70999 Johnson Green Apt. 848,Lake Robinshire,Washington,93748,-144.553914,-60.226915
Michelle Hodges,36,4819 Tony Square,West Ericport,Illinois,24019,-152.890240,32.635187
Jorge Hawkins,55,871 Walker Tunnel Apt. 568,East Jesse,Texas,56619,93.852372,-82.2202855
David Page,31,458 Schroeder Isle Suite 417,Robertmouth,Vermont,62175,145.450827,-28.0076955
Willie Stone,73,14415 Hailey Manors Suite 709,Port Cynthia,Maryland,73428,131.174284,84.115346
Matthew Hicks,57,144 Reginald View,Melissaside,Massachusetts,24666,126.001040,-11.3077975
Renee Parker,43,21666 Byrd Unions Suite 857,Port Lesliebury,Oklahoma,02208,-160.053235,-74.847173
Charles Lozano,63,229 Sullivan Road Apt. 199,Vincentville,Ohio,74156,102.718610,65.846129
Paul Rogers,53,37220 Murphy Flats,North Jamesburgh,New Jersey,54036,-139.484942,-8.7804095
William Jennings,80,5191 Alice Stravenue Suite 598,Woodsburgh,Oregon,93686,-5.124712,-77.694202
Luis Cuevas,42,76486 Shannon Ways,Johnsonview,Georgia,33221,30.478858,10.5451435
Jack Webb,40,6791 Justin Crest Apt. 853,Castrochester,Virginia,60983,140.506063,35.771143
Sarah Johnson,59,01694 Davis Pines Apt. 144,East Zachary,Wisconsin,98093,-82.625874,13.1226815
Mr. William James,40,02360 Bond Inlet Apt. 790,Cooperborough,Louisiana,77695,-166.161557,52.2554685
Jimmy Chambers,23,3577 John Burg,South Gregory,Virginia,05559,-112.564065,-9.2629365
Lori Winters,69,46545 Dillon Estate Apt. 292,Lake Carriefort,Indiana,33898,-175.808659,38.503653
Brittany West,45,2028 Jones Locks Apt. 451,Hudsonton,South Dakota,78483,113.646624,57.033040
Willie Miller,74,75484 Perez Falls,West Joelfort,Idaho,16940,113.969050,3.6297945
Francisco Gates,60,83963 Kristin Divide Suite 823,Levyburgh,Alabama,63565,33.982755,-67.285139
Jacqueline Munoz,68,889 Adams Pass Suite 653,East Joseph,Kentucky,02387,114.646355,-67.5875825
Valerie Hill,20,9416 Samantha Motorway Apt. 626,Sethmouth,Connecticut,28264,27.437027,71.349311
Lee Stokes,26,292 Taylor Forge,Lake John,Oregon,83098,-79.397430,-44.1475035
Ryan Carlson,41,9401 Eric Ports Apt. 215,South Nancytown,Washington,43548,-146.321597,58.835994
Andrea Jones,63,323 Williams Lights Suite 342,Onealberg,West Virginia,14592,-91.329091,-46.5706075
Kyle Keller,66,64840 Todd Valley,Lake Dwayne,Utah,31915,-161.965545,-33.663991
David King,80,368 Cantu Burgs Apt. 795,South Kristina,Texas,33649,-25.691763,53.7594585
Wendy Bass,74,982 Marsh Mill Apt. 365,Lake Tristanstad,North Dakota,59540,78.379982,69.2799225
Kelsey Miller,44,96096 Jackson Plain,Davidville,Idaho,92986,123.603927,-14.024704
Daniel Rios DDS,32,3158 Miller Shores Apt. 738,West Kylehaven,Ohio,13528,-151.099360,27.571996
Mr. David Wilson DVM,73,700 Stevenson Fall Apt. 227,Matthewhaven,Utah,67563,95.540080,-7.993867
Kristen Joseph,70,2585 Paul Roads,West Lisa,Minnesota,54117,-38.612718,-64.323468
Mary Mcdaniel,64,61348 Ho Shoal Suite 991,Aaronview,Rhode Island,80264,-128.452563,70.3487055
Donald Johnson,44,77746 Oconnell Ports,Carmenberg,Florida,69798,0.346908,17.913462
Kelsey Anderson,33,5999 Woods Mission,Port Nicholemouth,Michigan,61537,-103.032614,33.8665855
Robert Johnson,60,0377 Rachel Plaza,West Mallory,Nebraska,03682,-134.105215,0.963987
Michael Kelly,20,59623 Wilson Spur,Toddstad,Alaska,06812,-168.651869,-86.027207
Richard Gutierrez,19,6107 Larsen Hills Suite 512,Port Jessicastad,Kansas,20725,171.716678,17.7151165
Heather Estes,27,3352 Curtis Motorway,New Cathyside,Mississippi,36811,146.994626,-49.410567
Donna Kennedy,59,718 Villanueva Camp Apt. 715,South Jacobhaven,Maryland,55435,-109.174900,-7.841809
Steven Kelley,41,10364 Daniel Corner,North Jeffery,Mississippi,71014,78.348987,70.487271
Dr. Erin Harris,38,0962 Graham Lodge Suite 669,Evansport,North Dakota,24643,61.562649,78.404760
Rachel Thomas,63,6142 Lowery Ports Apt. 814,South Jacob,Minnesota,30976,-133.577802,5.194466
Paul Barr,72,50606 Kathleen Village,Melindaborough,Connecticut,26980,-161.630978,-49.7119635
Alejandra Burgess,71,669 Tyler Place,Jamesburgh,Florida,73970,152.761363,-29.674270
Christina Villegas,47,493 Nathan Fords Apt. 670,Markport,Illinois,80172,-73.405921,41.222124
Joshua Ward,71,87276 William Greens,Andersonshire,Ohio,87764,104.820102,85.3789195
Monica Richardson,66,21950 Susan Island,Novakstad,Kansas,76283,-166.740579,60.798894
Melissa Simpson,18,665 Paul Avenue Suite 205,West Carlosborough,Alabama,36670,60.457748,-28.936300
Melissa Rodgers,67,22819 Rachel Mountain Suite 559,Elliottbury,Hawaii,31252,105.343867,85.787092
Jennifer Best,64,212 Wendy Run,Justinborough,Kentucky,65434,-15.315390,38.6827945
Tina Edwards,56,02134 Foster Stravenue,Williamsview,South Dakota,39702,-85.899094,-89.2785995
Michael Coffey,30,4347 Reginald Run Apt. 768,West Derrick,Virginia,90491,142.731736,-19.9956145
Michelle Pierce,19,6452 Angela Burgs Suite 433,Alyssaside,Delaware,54764,109.254230,73.515874
Shelly Leach,62,894 Howard Loaf Suite 331,Katieborough,North Carolina,22978,99.233415,35.813839
Kirk Pierce,23,207 Parker Greens,South Carolynchester,Virginia,48202,71.002953,29.5113745
Kaitlyn Lambert,24,1785 Steven Rue Suite 420,Owensstad,Nebraska,69330,-39.064691,-45.141932
Brittany Torres,18,5714 Stephens Crossroad Suite 079,North Nancybury,Nebraska,01640,170.198559,11.064213
John Brown,79,5942 Welch Square Suite 569,New Elijahfurt,New York,17785,-94.171973,-21.1128865
Kimberly Whitehead,19,28975 Michael Fort Apt. 342,Williston,Kentucky,03363,162.798707,-50.1681265
Natalie Taylor,59,60481 Amber Plaza Apt. 412,Rodriguezhaven,Kentucky,44571,177.851471,-48.121195
Victoria Rodriguez,29,191 Natalie Harbors,Mariaburgh,Rhode Island,85505,-131.830087,-61.745103
Kyle Miller,67,38163 Johnson Heights Suite 374,Mcclainchester,West Virginia,13233,-52.355748,49.761996
Jessica Andrews,49,9016 Matthew Green,Kerrstad,California,29033,-124.152453,-13.8750435
Laurie Mendez,37,91828 Harrison Landing,South Deanna,New Mexico,35472,-94.474260,11.177479
Andrew Wilson,55,6480 Kenneth Corner Suite 287,Annfort,Georgia,02740,-25.559404,19.708790
Dylan Whitehead,18,110 Maurice Crossroad,South Heather,New Jersey,36742,-119.007186,-1.444256
Lynn Chan,43,78272 Evan Glen Apt. 115,West Richard,Tennessee,67302,-88.741934,11.5592025
Robert Evans,73,820 David Brooks Suite 075,East Nicolechester,Maine,95201,-170.649940,-47.5683615
Kenneth Mack,69,985 Brewer Crossroad Suite 765,Mccannside,Alaska,06845,-163.719689,-37.274062
Donna Johnson,79,82814 Dana Hills,East Amanda,Louisiana,37729,72.502595,-86.9289365
Jodi Bell,26,74602 Reed Parkway,Sanchezfort,Florida,46542,-72.512295,-45.112394
Sara Smith,23,05460 Alvarez Locks,South Matthew,Maine,66873,121.213817,15.0763265
Carl Good,76,746 Blackburn Burgs,Port Julie,South Dakota,54030,12.862338,7.533062
Kimberly Donaldson,47,2318 Mccarthy Green,Kingstad,Washington,28161,150.528937,-0.1324265
Elizabeth Johnson,26,9260 Heath Locks Apt. 716,Leslieborough,Alaska,86756,128.846300,13.4593535
Robert Castillo,60,2425 Santos Pike Apt. 839,Robertsfort,Idaho,73730,-178.253556,-24.097202
Richard Mason,29,063 Carter Park,Port Michelle,New Jersey,52480,-178.001829,-12.151157
Gregory Williams,63,89027 Perez Station Apt. 223,New Samantha,Mississippi,86499,47.760159,39.3956255
Jessica Moody,29,277 Gregory Falls,Lake Charles,Illinois,78474,49.691455,-26.867596
Aaron Park,72,08781 Smith Walks Suite 511,Lake Ashley,New Mexico,83402,78.336814,8.9351485
Susan Long,57,5423 Brianna Route Apt. 845,South Cassandra,California,10790,135.658062,-59.8683035
Marissa Wilson,44,3372 Lynn Station Suite 337,Port Kevinville,Utah,84435,129.958442,-30.4847985
Andrew Soto,27,7756 Lee Court,West Bethanyton,Kansas,53246,94.341397,-16.2444815
Jeremy Anderson,66,0382 Christopher Heights,Thomasborough,Arizona,72967,-120.627329,54.300461
Pamela Ramirez,40,6372 Fitzpatrick Row Apt. 660,South Mario,South Carolina,26450,-143.001617,69.2247615
Richard Wilson,44,71658 Maria Extension,Serranostad,Texas,39896,-106.452672,17.650082
Donna Weber,29,834 Patricia Oval Apt. 696,Stephenberg,Oklahoma,78440,-86.654158,-50.962046
Brittany Thomas,33,4461 Brittany Garden Apt. 421,Keithberg,Wyoming,97417,178.765960,-54.399614
Shannon Garcia,27,1851 Prince Points,Shawnstad,North Dakota,45747,104.232172,-78.262180
Brittney Fernandez,26,9298 Hernandez Pines,South Laura,Minnesota,05681,-18.303905,-59.761709
Cheryl Allen,19,45485 Sanchez Square,North Laurastad,Maine,00680,-108.871836,24.3836995
Maria Hale,76,4115 Vincent Fords Suite 259,North Ronaldside,Illinois,64919,-46.068484,37.7038525
Nicole Hale,31,6202 Stacey Freeway Suite 894,South Laurenstad,Florida,22347,-156.887480,78.242492
Heather Velasquez,33,807 Dylan Isle,Jonesbury,South Dakota,09786,150.772725,66.013764
Julia Drake,53,10689 James Hollow,Amberfort,Wyoming,42568,79.671999,-41.7763955
Amy Jones,74,53767 Johnson Falls Suite 946,Porterchester,Kentucky,19728,131.232336,76.8756805
Caitlin Brown,58,89108 Owens Loaf,South Charles,Illinois,91291,148.545126,40.0268145
Raymond Smith,20,260 Meredith Path Apt. 501,Port Wendyborough,North Dakota,61458,172.010273,-76.3083395
Andrew Green,52,121 Hoffman Brooks,Hammondfurt,Pennsylvania,78931,88.862441,-60.2754345
Barry Fowler,54,9808 Huffman River Apt. 454,Lake Jennifer,Massachusetts,75976,-70.048189,-63.617851
Kimberly Padilla,47,6099 Michael Springs,South James,Pennsylvania,20919,164.140689,-34.5060885
Stacey Thompson,47,460 Henderson Plains,Port Robert,Alabama,71363,168.203962,-61.9501575
Hayley Maxwell,57,0648 Brett Harbors,Stonemouth,Arkansas,66494,20.040295,-55.076079
Joseph Campbell,80,3967 Elijah Lane,South Julieport,West Virginia,01443,50.680504,-15.067506
Whitney Lynn,51,33057 Cindy Ferry Apt. 947,New Richardville,Maryland,74720,1.052182,81.3342455
Brooke Phillips,67,986 Sean Brooks Apt. 627,Hallchester,Maine,08715,-3.968705,24.6031795
Ashley Williams,76,236 Ortega Ville Apt. 582,West Nicolastown,New Mexico,64339,3.703185,10.8295975
Melissa Turner,69,3296 Becker Fort,Port Gerald,Alabama,21390,-76.718596,-67.7286115
Kyle Williams,24,1722 Michelle Terrace Suite 742,Amandaport,Texas,26996,42.095461,88.7162375
Alexander Woods,31,43326 Amanda Glens Apt. 684,Matthewport,Rhode Island,14241,161.541816,56.372255
Brenda Phillips,20,12303 Travis Ways,Michaelmouth,Alabama,05008,33.589593,-9.140093
Amy Burke,30,6680 Rebecca Knolls Apt. 910,South Andrewchester,Arizona,70670,-40.493117,14.474976
Justin Boyle,38,07235 Victoria Bypass,Port Ericaland,Florida,74579,81.744743,76.748011
Susan Garcia,34,52683 James Freeway Suite 434,New Monicaton,Oregon,05056,97.932727,24.4995445
Kyle Brooks,58,713 Martin Burg Apt. 441,Lake Loganmouth,California,73234,55.946520,-80.158428
Douglas Adams,31,494 Wallace Stravenue Suite 935,New Stephanieshire,New York,52771,91.152128,-22.5719585
Brian Jones,80,9504 Brown Flats Suite 831,Curryborough,Louisiana,81966,-55.572628,-9.9958335
Joanna Smith,66,152 Crystal Crescent,Port Anthonyport,California,27728,-91.421994,69.901375
Justin Murray,35,9237 Haley Cliffs Apt. 103,Melissachester,Pennsylvania,47956,86.435024,-25.9992375
Catherine Dudley,35,2409 Rivera Manor Suite 322,South Cheryl,Arkansas,81568,80.991998,-5.7073435
Patricia Ferguson,62,307 William Trail Apt. 120,East Heather,Mississippi,94188,88.782025,7.953130
Virginia Robinson,23,516 Young Cove Apt. 019,West Stephanieville,Oklahoma,79975,-27.643801,47.737858
Christopher Brown III,59,311 Julie Mountains Apt. 075,Lake Jacobmouth,Wisconsin,81583,160.460391,39.2028155
Austin Rogers,36,94977 Gomez Brook Apt. 267,Christophermouth,Maine,92503,-161.986056,14.612742
John Brown,60,75218 Campos Shoal Suite 369,Port Jeffreybury,Vermont,45444,118.691896,-33.3087655
Robert Hebert,33,29894 Garcia Divide,New Connie,South Dakota,51124,-137.441105,-69.9944335
Michael Guzman,73,423 Jennifer Well Apt. 570,Cooperborough,California,24857,-30.560511,47.778090
Lauren White,58,7255 Brad Branch Apt. 769,North Victoria,Alaska,39000,-77.770200,66.5474315
Susan Walker,49,550 Daniel Motorway,East Michael,Kansas,05142,96.273448,75.712918
Ryan Peterson,35,938 Hayley Crest Apt. 072,Sarahburgh,Virginia,96553,27.851363,-31.249652
Jamie Adams,18,1319 James Prairie,Gaystad,Nebraska,26654,98.464659,-12.9162085
Ethan Love,72,072 George Mountain Apt. 912,Hamiltonland,Alabama,90505,75.208669,75.064239
Lynn Wilson,21,22517 John Lodge Suite 501,Lambertstad,Missouri,35592,-122.241262,33.3438785
Philip Johnson MD,57,88262 Rivera Mountain,Port Austin,Georgia,53208,111.172685,43.4182565
David Clay,19,45957 Jimmy Causeway,East Jo,North Dakota,87650,-37.904948,-25.460907
Christian Jackson,19,3634 Baker Ramp Apt. 200,South Gabriellafurt,Alaska,95442,-128.984952,-42.894441
Thomas Spears,79,67886 Woods Land Suite 458,Mercedesberg,Nevada,95758,16.354910,79.792175
Mrs. Kaitlyn Johnson,77,0907 Clark Freeway,Willisside,Nebraska,41449,18.961782,-39.8478515
Katherine Cortez,71,3035 Anthony Stravenue,Lake Corey,Wisconsin,19679,102.391219,46.520079
Ashley Griffin,29,37473 Thompson Corners Apt. 230,Alicialand,Wyoming,40132,-143.855592,3.5548795
Jessica Escobar,52,1739 April Skyway,East Brenda,North Dakota,48617,43.644488,13.4487805
Mallory Thomas,51,6933 Zachary Light,New Lisachester,Mississippi,06115,91.486924,-9.0811085
Emma Doyle,74,86661 Stewart Court Apt. 057,Currybury,Vermont,34358,144.963150,-15.696172
Brenda Moss,40,613 Catherine Throughway,Vanessaside,North Carolina,50962,119.347026,25.243022
Timothy Jackson,60,2081 Eugene Route Apt. 897,Smithborough,Florida,82838,24.919123,-36.728252
Gabrielle Sanders,62,121 Roy Estate,West Robert,Tennessee,11655,-108.494071,-62.686110
Jessica Wilson,24,1433 Kevin Meadows Suite 771,Christopherview,Mississippi,52580,-48.546665,74.5315005
Robert Sanchez,80,7464 Dawson Greens Suite 899,Bellside,Wyoming,52901,18.007050,74.9857255
Christina Collier,61,03071 Smith Trace Suite 291,Kyliebury,Indiana,92501,163.503628,-3.569714
Amanda Case,44,396 Aaron View,West Sherishire,Connecticut,03377,18.348958,17.489833
Jason Ruiz,52,31779 Hunter Coves Apt. 087,North Davidborough,Virginia,60798,-107.781673,-86.673754
Amber Gonzales,53,3249 Angel Inlet,Victoriastad,Wyoming,94199,130.435589,-19.2603645
Alicia Baker,30,650 Kenneth Radial Suite 306,Armstrongmouth,Kansas,63806,94.930025,14.4968035
Melissa Morgan,23,37722 Kenneth Road,Beckport,Alaska,15266,19.041762,11.970275
Misty White,30,12736 Palmer Valley,Jamesstad,Ohio,77590,155.214129,41.088221
Kimberly Hansen,25,027 Solomon Burg Suite 535,Lake Bryan,Alabama,31356,115.829424,77.241468
Jordan Hernandez,33,062 Bates Underpass,West Christopher,Kentucky,08307,126.068528,-24.3396925
Jessica Mcmillan,70,1235 Burke Cliff Suite 254,Pattersonton,Missouri,13541,-11.158544,37.043953
Michelle Norris,49,69056 Whitney Station Suite 512,Williamport,California,41705,55.129631,-44.9357765
Regina Newman,73,8194 Jessica Radial,Lake Veronicafort,Kentucky,99314,-106.288612,-61.588004
Tony Thomas,47,7768 Gardner Harbor,West Christopherchester,Mississippi,36498,175.521070,53.071182
Mrs. Melissa Aguirre DVM,32,6058 Emily Wall Suite 591,Victoriaberg,Utah,75189,-45.826950,-24.561020
Donald Carter,71,9436 Boyd Trace Apt. 401,East Cheryl,North Dakota,12720,-7.471429,-54.033263
Jill Morgan,21,87354 Smith Crest Suite 155,North Timothymouth,South Dakota,31118,-153.225469,-32.0232355
Paul Moore,26,1573 Brianna Landing,Davisville,Kentucky,44495,-107.620568,-77.960520
Angela Martin,29,4097 Pitts Cove,Port Kariland,Delaware,06308,-59.437457,-51.7242805
Tamara Perez,50,0415 Brad Corners,Burkechester,South Dakota,51778,130.484901,12.385659
Samuel Le,20,68884 Miller Lake Apt. 311,West Donnaville,Nebraska,43454,-59.838325,23.4248705
Mario Scott,29,734 Faulkner Tunnel,Port Donnachester,North Carolina,55197,-155.707523,-87.7228145
Mario Hardy,75,29096 Torres Center,Smithhaven,New York,13014,-81.770262,7.5991635
Kaylee Riley,69,2190 Edwards Mountain Suite 295,North Maria,North Carolina,90598,28.567020,-66.1456885
Breanna Davenport,40,4819 Lynch Row,Markbury,Colorado,13076,-86.929792,43.069964
Alexis Roach,47,15073 Gina Stravenue Suite 027,East Laura,Texas,35900,177.524142,73.8542565
Eric Rivera,67,246 Wilson River Apt. 648,Schmittmouth,Arkansas,78200,133.117736,48.2996335
Jeffrey Holmes,73,68061 Juan Station,Walkerstad,Florida,60220,-149.191932,83.816200
Justin Bradford,22,04942 Tammy Shoal,Hallburgh,Massachusetts,22986,-134.811147,-87.4613535
Chelsey Chase,64,5936 Blanchard Mountains Suite 285,Johnsontown,Tennessee,73032,-117.111364,75.048581
Bryan Lee,44,4063 Jessica Park Suite 409,New Adrienneside,Ohio,96059,130.189815,-23.539764
Paul Johnson,50,385 Melvin Landing,Deanmouth,Louisiana,30979,-143.106667,-82.3881035
Brandon Park,41,0392 Torres Drive,New Andrewtown,South Carolina,98684,90.279031,-16.510717
Marissa Ferguson,60,3425 Michael Isle Apt. 571,North Julie,Rhode Island,70225,68.723257,72.178602
Jeffrey Anderson,51,46006 Brianna Squares Suite 919,Christophermouth,North Dakota,12444,-119.570550,-1.674565
Pamela Duncan,72,4807 Michael Curve Suite 898,Lake Natasha,California,43431,-83.430161,-80.393841
Daniel Miller,39,63017 Carter Alley,New Justin,Kansas,77679,-177.932479,43.1683795
Bryan Nichols,78,731 Floyd Heights,New Kevin,Kansas,44719,147.231037,-15.207719
Michael Thompson,39,335 Jeffrey Pike Suite 744,Reneeside,North Dakota,29923,-115.992549,-40.0099485
Sierra Fox,38,57958 Michael Points,North Anthonyton,North Dakota,32856,32.847815,50.9599085
Kayla Moore,22,1901 Holden Burgs,Jonathanton,Maine,15126,111.978673,35.891880
Monique Michael,71,881 Reynolds Green,New John,Minnesota,41408,107.039390,-25.8865365
Molly Lee,62,4431 Ashley Square,North Sara,Illinois,80152,127.075605,89.5148935
Megan Wilson,55,0330 Victor Road,South Karen,Maryland,60627,101.961140,15.2719825
Dr. Nathan Dixon,24,068 Nichols Corners,South Lisaside,Indiana,85340,41.514294,55.572135
Scott Lewis,63,4263 Jason Rue,Nancyfurt,Wisconsin,90761,-1.962609,-22.9813665
Michael Rodriguez,68,81873 King Canyon Apt. 710,Wrightburgh,Delaware,75170,-101.111764,-71.479104
Dennis Collins,30,3676 Rodney Village,Torresport,Idaho,70674,-45.809354,55.258656
Kelsey Smith,77,73204 Nelson Summit,Jessicashire,New Jersey,51530,-145.490670,15.544365
Michelle Williamson,68,3764 Evans Orchard Suite 555,West Daniel,Michigan,00565,-129.822540,-61.628688
Laura Dawson,79,3129 Arroyo Estate,East Walterport,Mississippi,64694,153.072264,-47.926569
Jeffrey Dunn,28,9847 Mccarthy Hill,Meyersmouth,Georgia,33920,-72.020296,37.2804355
Thomas Watts,71,44381 French Squares Suite 497,Davilamouth,Mississippi,08947,34.823854,3.183549
Dr. James Hill PhD,66,8986 Michelle Lock,Port Erica,Maine,29998,-4.868776,-63.5105705
Alexis Torres,58,3236 Melinda Knoll,Conleyborough,Pennsylvania,88340,-51.161639,29.4917695
Veronica Hernandez,77,2131 Ray Forges Apt. 701,Carrillochester,Nevada,01630,-79.414278,-29.027573
Maria Rose,28,392 Rogers Plaza,Stewartside,South Dakota,70975,-10.579992,-47.1658165
Lisa Castillo,63,6971 Kayla Way Apt. 172,Port Kelly,Massachusetts,02042,-31.735281,67.5239375
Shannon Hicks,67,1240 Cunningham Groves Suite 847,New Brettmouth,Alaska,04011,0.143128,42.9884385
Elizabeth Smith MD,32,470 Wise Harbors,Fischerport,Vermont,56783,-80.627376,68.033964
Abigail Chambers,23,636 Alejandro Union Apt. 146,Gomezland,Georgia,01535,148.982326,-68.1557975
Betty Flores,39,46530 Underwood Circles Apt. 740,South Crystal,North Dakota,69577,111.208869,-13.746655
Gregory Fisher DDS,25,5666 Griffin Port Suite 042,East Michael,Nebraska,51713,20.323660,12.0676295
Lisa Smith,50,7187 Rowland Squares Apt. 893,Lake Kennethstad,Georgia,76816,106.558390,-1.705014
Manuel Everett,22,5379 Jessica Junction,West Kelly,Wyoming,50703,-172.087241,-74.174272
Carol Moore,69,88531 Giles Brooks Apt. 571,Gregorychester,North Carolina,28249,-160.675669,44.848122
Todd Morris,44,8497 David Loop Apt. 741,Bryantton,Wyoming,74518,45.313564,-30.960050
Randy Hernandez,22,111 Cooley Crossroad Suite 137,Kimberlytown,Illinois,69986,-117.529019,-27.527945
Holly Jackson,69,94351 Matthew Passage,South Andreafort,Alabama,77305,151.684477,-70.648372
Susan Mcmillan,52,585 James Oval,West Charleschester,Oregon,88073,-37.405587,50.623639
Katherine Taylor,37,15881 James Island Suite 364,Lake Elizabeth,Maryland,08634,162.807215,-84.3792455
Amy Sawyer,70,756 Travis Cove Suite 185,Lake Katie,Texas,00591,61.321386,-19.027780
Charlotte Forbes,25,963 Marie Pike,Lake Lisa,Illinois,26987,133.927392,-20.3429955
Kathryn Rodriguez,32,21480 Gregory Camp Suite 018,South Jim,South Dakota,77376,77.614053,1.692283
Maria Howard,79,116 Henderson Ferry Suite 017,Debbiemouth,Idaho,58578,64.544775,-23.088475
Sara Smith,70,2960 Juan Hill,Timothybury,South Dakota,15434,-75.210989,89.8853465
Rachel Gutierrez,18,095 Dustin Squares Suite 107,Rebeccachester,Arkansas,59948,114.265488,55.3859235
Mary Howard,57,414 Morales Hollow Suite 789,Jasonport,New Mexico,31725,27.060691,-67.5889275
Michelle Jenkins,25,618 Darren Rapid Suite 719,Lake Matthewburgh,Alaska,86943,-42.428848,-54.372229
Rachel Abbott,59,36637 Combs Loaf Suite 566,Andretown,Wyoming,61851,140.611073,-0.3492535
Matthew Jones,50,459 Allison Island Suite 207,Port Holly,Tennessee,28564,-50.229477,9.2943365
Melissa Torres,54,6102 Miles Extension Apt. 401,Reginafort,California,52737,102.091106,57.8885145
Tina Sutton,59,86962 Bruce Stravenue Apt. 797,Port Michelleton,Wisconsin,90117,171.836474,58.871113
Michael Coleman,70,5488 Hanson Curve Apt. 500,Jamesshire,Pennsylvania,52246,118.620379,76.872597
Stephanie Briggs,75,842 Lisa Freeway Suite 093,Lake Christopher,Wisconsin,77002,-89.288874,-12.3473155
Michael Davies,61,008 Scott Wells Suite 053,East Ryanville,Oregon,14961,172.163845,61.8484385
Todd Lee,25,0750 Dana Hill Apt. 986,New Kellytown,North Carolina,51273,-177.933685,-86.977098
Pamela Williams,38,11334 Karen Lodge Suite 382,Kristinbury,California,05996,46.885124,50.0013365
Allison Jones MD,42,335 Powell Run Suite 442,South Michellemouth,New York,79977,-178.000935,38.2460055
Latasha Andersen,56,2351 Thomas Neck,New Franciston,Tennessee,02002,141.571449,-17.005876
Steven Young,41,24765 David Walk,Gardnermouth,Minnesota,33832,5.075744,24.933724
Stephanie Cabrera,78,98811 Andrea Turnpike Apt. 837,Nancyberg,Maine,13697,-50.644941,72.7887005
Monique Stephens,52,34254 Ford Green Apt. 681,Rebeccaside,Alaska,73862,-9.517197,72.6909755
Jennifer Maldonado,32,829 Anderson Courts Suite 017,Lozanoborough,Alabama,94768,167.792365,-67.8884955
John Johnson,22,27721 Lee Square Suite 999,Masonmouth,Kentucky,47393,104.354364,-17.329432
Anthony Guzman,65,1205 David Forge,Port Justinville,Virginia,60079,-133.456495,40.6392555
Kenneth Mcbride,78,3964 Richardson Harbor Apt. 395,South Donview,Nebraska,56589,-70.107239,50.355019
Charles Martin,30,378 Holland Key,Lake Gary,Maryland,12849,37.804827,10.336902
Wendy Hunt,55,1214 Williams Wall Apt. 324,Lake Brookeland,North Dakota,47401,120.633368,67.648320
Blake Owens,32,361 Stephanie Path Suite 078,Fordville,Alaska,92128,-103.690886,-35.5293165
Scott Williams,38,14984 Erin Throughway,Chadfurt,New York,64458,-90.025669,-47.132737
Megan Baker,37,5624 Charles Centers,Lake Gerald,New Hampshire,88047,-58.675296,-48.943610
Ernest Wiggins,31,19102 Monique Forest Suite 998,Port Victoriaborough,Texas,49779,9.069721,-44.478765
Samantha Costa,27,13420 Bell Village Suite 290,Codychester,Montana,01032,-7.527076,5.6508775
Melissa Johnson,35,2918 Aguilar Locks Apt. 482,Meyerton,West Virginia,28235,158.815750,-72.556220
Karen Lambert,26,676 Laura Parkways Suite 738,East Robinshire,Indiana,66190,-77.482169,14.1945155
Megan Gilbert,26,976 Summers Pike,Schneiderstad,Arkansas,51483,49.689238,15.101366
Priscilla Sanchez,58,63610 Reyes Bypass Suite 289,West Reginaldton,New York,92712,47.269770,16.643055
Ruben Riley,57,65952 Sarah Ranch,New Tracy,North Carolina,33220,-32.508497,-5.506792
Diana Oconnor,36,6848 Ramos Forks,Suzanneport,Kentucky,38661,47.172396,-46.814810
Madison Hernandez,19,922 Phyllis Drive Suite 464,Heatherstad,Missouri,36242,81.027281,-59.3892035
Wesley Sandoval,72,9763 Lisa Keys,Lake Meghan,Hawaii,69155,-117.036571,62.5912985
Mrs. Maria Watson,24,3704 Rowe Track Suite 573,Port Melissashire,Alabama,88219,-19.012274,-12.665728
Angel Jimenez,23,691 Eric Brooks,New Allenberg,South Dakota,48726,109.526810,28.926073
William Allison,44,3351 Hernandez Pike,Lake Megan,New Hampshire,81111,122.142301,-45.6596115
Melissa Wagner,23,7130 Baker Mission Suite 982,West Peterville,North Carolina,69786,124.544991,82.345235
Darren Crawford,38,22479 April Mountain Apt. 914,Kellyville,Arkansas,23951,87.943017,-29.9772115
Barbara Stafford,75,4157 Thomas Parkway Suite 021,Maciasbury,Texas,10307,-152.697359,-20.488253
James Crosby,37,928 Wilson Ranch Apt. 055,Kevinhaven,Hawaii,00529,77.781075,9.6646985
Sarah Cox,56,31633 Whitney Throughway Apt. 698,Brittanyhaven,Montana,61052,-112.302765,-19.8393085
Robert Edwards,67,85812 Tamara Wells,Combsside,New Mexico,52953,107.624081,-23.855404
April Walker,18,25940 Christine Lodge,North Brittany,Indiana,19398,113.655599,50.764535
Brian Gonzalez,45,52583 Jacqueline Drive,Jeffreyland,Colorado,01881,129.947984,20.426231
Brittany Kemp,49,075 Jonathan Overpass Apt. 726,Jorgeville,Kentucky,87426,89.376467,-47.934627
Nicole Lawrence,63,743 Spencer Cliffs,Brendanmouth,Oregon,49735,-38.815276,-43.001955
Mr. Kevin Glenn,26,277 Esparza Extensions Suite 576,North Louisborough,Vermont,11555,-123.962751,20.1036955
Jeremy Roberts,28,98306 Shawn Place Apt. 963,Houseside,Kentucky,15921,85.965534,-66.4883475
Miguel Hall,67,8506 Sanchez Summit,Lake Christopher,Michigan,41418,-93.545376,88.3430865
Kimberly Turner,57,321 Soto Ville Suite 741,New Julia,Kentucky,74838,25.449646,-37.263743
Daniel Young,25,354 Aguirre Brook,West Michael,Oregon,76753,27.380039,32.8953965
Shirley Clark,78,581 Angela Plaza Apt. 803,North Patricia,Connecticut,04193,-37.931468,-58.872709
Jody Castillo,75,97445 John Drive Suite 254,South Michael,North Dakota,40453,-19.188844,-18.595684
Antonio Williams,56,06075 Merritt Crescent Suite 159,Hansonville,Wyoming,75080,89.814160,65.1581015
Rebecca James,48,276 Williams Mall Apt. 740,New Mitchellfort,Nebraska,31900,-49.722902,27.138177
Penny Wells,33,3865 Nichols Square Suite 706,West Peggyborough,Oklahoma,94592,18.487853,22.3970915
Robert Hill,20,51319 Ryan Ranch,Robertstad,Alabama,25438,-16.355924,-12.928822
Tiffany Mcfarland,50,7946 Golden Isle Apt. 218,Port Rebecca,Alaska,74188,-114.064607,-24.167577
Sean Scott,66,820 Brittany Junction,North Shawn,Maryland,27888,-117.676686,-2.270996
Jillian Horton,24,44993 Kaitlyn Cliffs,Michellehaven,Mississippi,60340,16.756345,7.410669
Kyle Davis,73,4415 Martinez Ville Suite 989,Johnside,Michigan,46383,-11.724874,3.8762345
Toni Garner,80,092 James Spur,Port Brooke,West Virginia,99547,50.288973,40.124640
James Schultz,52,52934 Cameron Rue,North Adam,Wyoming,52034,31.703424,-9.350610
Amanda Lopez,53,66626 Brian Forges,Allenborough,Wyoming,49148,176.307490,16.119583
Jeremy Huerta,35,4675 Jensen Mountain,Steventown,Utah,35088,126.510331,-87.0054105
Cynthia Garcia,63,49889 Melissa Point,South Cynthia,Connecticut,31958,-96.515805,-29.192300
Ashley Sharp,56,331 Sean Mews,Sullivanfort,Iowa,03300,-55.093861,58.1354805
David Harding,35,96496 Johnson Ramp,Monicashire,Ohio,83057,61.084983,-15.439307
Tony Jacobs,43,2049 Thomas Lakes,South Lauraville,Washington,91782,128.427887,-2.4947055
Paul Johnson,50,4720 Allen Glen Suite 660,Carlview,Mississippi,60099,45.635422,65.829037
Charles Smith,69,18168 Gonzalez Plains,Port Victor,Nevada,40786,33.189761,60.970982
Ethan David,67,475 Kathy Forks,South Sheena,Maine,71035,-108.922847,44.7693635
Anthony Williams,77,37317 Tracy Squares,Tracybury,Mississippi,56087,9.386107,55.4586095
Adam Duke,43,90195 Monica Heights,Daniellestad,Iowa,76496,87.283554,16.369559
Eric Hess,64,183 Kelly Crossing,Jeffreymouth,Oregon,81824,-55.819693,40.5042155
Erin Holland,33,0196 Young Stream,South Debra,Ohio,84438,-67.118113,10.913699
Morgan Fields,24,9871 Valentine Overpass Suite 027,Sparksfurt,Wisconsin,86461,73.008793,89.6441875
Abigail Chavez,39,7548 David Loop Suite 569,Port Ryanfurt,Kentucky,81926,-137.120047,20.350637
Katherine Suarez,33,11900 Holly Gateway Apt. 623,East Jennifer,Arkansas,06985,27.251806,-88.380638
Kayla Brewer,20,789 Caitlin Drives Suite 392,West Josephland,Wyoming,34486,-170.167243,-16.667245
Joseph Mccormick,27,990 Jaclyn Alley,Port Andrew,Hawaii,14359,-5.512910,-47.2540235
Michael Fisher,45,873 Edwards Avenue,Bellmouth,Louisiana,63717,165.151934,-77.3623695
John Rhodes,32,3001 Matthew Keys Apt. 140,Lake Marychester,Missouri,74195,115.816221,2.3405515
Jenna Zavala,40,737 Jerry Place Apt. 516,Ericchester,Colorado,71975,162.800996,-60.3574445
Gary Mcintyre,44,4819 Derek Shore Apt. 099,Port Brooke,Massachusetts,29059,11.992792,28.286259
James Hoover,56,159 Gates Stravenue Apt. 895,Jeffersonfort,New Hampshire,88347,-149.144633,21.8885505
Catherine Gillespie,64,518 Alexander Track,Choiland,Minnesota,13532,-153.701583,28.0065065
Randy Shelton,63,4899 Simpson Valley,South Aliciamouth,Utah,25757,154.177092,-24.217631
Sherri King,70,18753 Sweeney Centers Suite 760,Port Catherine,Indiana,59701,66.122418,-3.3833375
Stacey Herman,41,9399 Reginald Harbor Suite 843,Silvaberg,Connecticut,36399,9.153437,-8.5148845
Jacqueline Hodge,47,31802 Lori Way,Joshuabury,Florida,94758,-144.049829,43.1085375
Michael Harrison,80,59261 Anthony Burgs,Victoriaview,Oklahoma,15690,-168.972670,-29.8675705
Erika Leblanc,71,19261 Linda Causeway Suite 478,Leeside,West Virginia,90714,-26.697815,-86.2833635
James Reid,60,4971 Porter Extension,East Tammychester,Rhode Island,48322,-97.687065,52.457814
Steven Charles,34,66261 Thomas Valleys Suite 903,Port Rachel,Kansas,07931,127.954349,32.148376
Jeffery Martin,62,7609 Michael Bridge,Davidstad,Utah,44441,80.407161,31.8618455
Patrick Kirk,65,3400 Smith Corners,West Karenport,Alaska,94044,93.323642,-81.2493555
Evelyn Robertson,34,2674 Young Parkways,Heatherfort,Texas,49274,-14.941458,4.8345815
Veronica Reyes,42,6074 Harris Gateway,Johnsonview,Wisconsin,37226,66.641876,-28.360624
John Allen,79,5026 Melissa Freeway,New Jamesport,North Dakota,53946,172.499773,-25.9258205
John Garza,45,97312 Joyce Ridge,East Cynthia,Minnesota,79405,-109.613509,22.4053245
April Rubio,50,748 Alexandria Gardens Apt. 023,Hahntown,Michigan,35239,-46.774991,-31.408890
Cynthia Miller,55,50174 Taylor Street Suite 164,East Carlmouth,Minnesota,48251,159.016687,34.315624
Mrs. Sandra Powers DVM,66,80387 Simon Course Suite 842,Lake Eric,Washington,34714,-71.868879,84.295216
Teresa Burke,74,4822 Abigail Curve Apt. 351,Erinport,West Virginia,18306,1.976073,42.446301
Earl Estes,48,62901 Rivera Mount,North Katie,Iowa,16491,151.990792,-51.429566
Holly Ortiz,46,502 Sweeney Mountain,Baxterfort,Arkansas,33214,-73.581856,-39.477888
John Murphy,60,1166 Kevin Landing,Anthonymouth,Kansas,25386,109.409836,62.3782925
Sarah Lewis,80,7041 Shea Curve,Mendezport,Oregon,70065,-85.923665,41.373336
Steve Brown,77,5494 Claire Green,Michelleberg,Oregon,19419,16.108397,-16.7955845
Destiny Campbell,47,85923 Key Turnpike Suite 628,Lake Jillborough,Colorado,14405,3.383903,85.6984895
Brent Larson,21,3511 Michael Summit,Port Carmenmouth,New Hampshire,28431,-94.747180,56.550353
Elizabeth Weiss,20,7698 Johnson Via,Walkermouth,South Dakota,08738,-124.587036,88.409610
Jamie Smith,43,8339 Natalie Manors Suite 079,New Michaelland,Michigan,05377,-37.253157,-8.591233
Gregory Washington,71,470 Peterson Spurs,West Kathryn,New Mexico,11052,38.227587,9.320127
John Powell,51,5429 Smith Keys,Port Brandonchester,Pennsylvania,82407,149.931267,39.5249845
Mary Howard,31,8453 Alvarado Spring,West Katelynton,Arizona,32886,-138.670819,68.800381
Lisa Oconnell,80,32316 Tracey Ways,Rochamouth,Kansas,09267,119.883345,-66.695952
Richard Griffith,30,01965 Stacy Track Suite 912,Chavezbury,Alaska,33592,-76.557464,-32.409628
Tracey Castaneda,73,5605 Hughes Route,Taylormouth,Arizona,71157,70.146017,20.360308
Danielle Taylor,60,4515 Linda Flats Suite 749,Marthaborough,Virginia,10153,115.425918,-56.5931435
David Guerrero,72,68825 Gonzales Rest Suite 639,Joybury,Mississippi,79273,-7.529601,-37.370693
Katherine Dillon,37,9378 Barnes Parkways,Lake Robert,Oklahoma,59232,-128.818431,4.315814
Juan Cox,31,23266 Amber Unions Apt. 640,Lake Ann,Nebraska,80304,39.393649,70.342096
Bradley Martin,22,7907 Tanner Island,Lake Brendaburgh,Oregon,64670,29.505032,22.074471
Thomas Bennett,38,994 Morgan Overpass,Kellychester,Utah,94091,-160.052872,-63.4817025
Phyllis Chandler,25,5074 Christopher Well Suite 607,Johnsonfurt,Nebraska,03680,102.333815,-9.0218685
Sheila Greene,30,74105 Moon Expressway,West Sarah,Delaware,06254,50.473186,61.597889
Greg Lee,59,68050 Robert Pines,Nancyberg,Tennessee,14829,-43.227212,77.6186565
Brooke Morgan,31,3791 Carol Views,Johnsonberg,Wisconsin,54205,-11.194205,19.6414675
Emily Castillo,33,9218 Rivera Springs Suite 833,Harriston,Illinois,55192,-36.312005,-63.798394
Robin Hatfield,42,303 Rivera Springs,North Davidberg,Idaho,54790,7.014818,36.8271365
Jessica Brown,35,5563 Blankenship Dam,Aaronton,Tennessee,05379,-151.960790,-20.352531
Michelle Hernandez,18,055 Steven Drive,Lake Patrick,Indiana,88516,11.238138,84.8191015
David King,43,560 Rachel Ville,Porterborough,Utah,06695,-59.938432,-43.7845625
Eric Harris,18,65944 Amy Tunnel Apt. 368,North Christopherborough,Ohio,10278,-10.582821,38.4783365
Heather Hopkins,77,775 Jasmine Canyon Apt. 709,South Michaelburgh,Hawaii,74487,163.753148,-83.597902
Richard Mcdaniel,42,24502 Tyler Knoll,Jenniferside,Connecticut,46374,136.290448,-65.5601155
Karen Jones,31,5635 Calvin Passage Apt. 174,Hicksborough,California,90259,59.210222,27.902712
Morgan York,58,7230 John Fort Suite 484,Edwardland,Nevada,46693,30.944017,-12.2513525
Sandra Potter,28,9677 Michele Divide,Port Brian,Minnesota,91223,14.591837,73.2258405
Andrew Riley,59,275 Malone Tunnel,East Jordanton,Illinois,79015,49.320695,-28.8274195
Kevin Meyer,38,948 William Roads Apt. 195,Lake Cynthiatown,Louisiana,68700,41.760547,-71.5662525
Jill Crosby,51,534 Nicole Trafficway Suite 428,South Randall,South Dakota,19867,0.185305,15.3733245
Marcus Durham,62,3022 Robinson Shoal,North Sabrinaview,Virginia,80209,-21.916808,9.2090165
Amanda Harrison,48,27011 Wise Center Apt. 298,North Johnland,Mississippi,06232,-166.784966,-2.528779
Tiffany Richardson,52,53653 Jackson Mission,West Michaelbury,Kansas,91315,63.053651,-56.5727655
Jasmine Jenkins,33,8734 Jeremy Flat,Port Williamfort,Virginia,81074,47.541130,-24.764881
Mark Randolph,39,1356 Kim Lodge,West Curtisland,Michigan,34411,131.438869,-12.998788
Erica Jackson,50,99005 Diane Viaduct Apt. 703,Port Kayla,South Dakota,39136,-1.891219,88.086355
Teresa Lewis,34,4098 Odonnell Cliff Apt. 403,East Danielle,Connecticut,18672,171.452018,47.451575
Rebecca Hall,31,081 Armstrong Ferry,South Debra,Minnesota,83547,51.081261,12.538979
Leah Pope,76,61186 Rodriguez Falls,West Bryan,Maine,81168,14.365549,-7.074869
Stanley Lozano,24,4534 Amy Corner Suite 581,Rodriguezbury,Wyoming,28893,106.224889,-2.8028485
Anthony Greer,47,7340 Mark Mountain Apt. 514,Parkerhaven,Arkansas,31798,-49.843284,77.340497
Pam Wilson,45,3002 Tran Corner Apt. 258,Mccarthymouth,Illinois,59350,-149.847215,46.896137
Jennifer Johnson,35,04191 Lisa Hills,Gainesville,Indiana,78735,-119.755624,-67.7526915
Jared Phillips,26,376 Lewis Ports Suite 134,Angiemouth,New Hampshire,13954,-145.923811,-83.6715335
Chad Mendoza,77,184 Olivia Rapids,Grossland,Oklahoma,29453,118.602775,46.458945
Donald Cooper,74,301 Sullivan Station Suite 112,Ryanland,Colorado,62679,10.028194,-69.5566105
Alexis Wyatt,25,10820 Weber Brooks Apt. 999,Devonchester,Ohio,58107,52.522061,20.615591
Paige Brown,45,246 Harvey Port,Bairdfort,Alabama,61574,-50.246330,-71.335514
Mary Miller,62,093 Lewis Shoals,Lake Holly,North Dakota,26520,-93.066770,86.1130255
Steven Ball,42,949 Johnson Roads,Dianeport,North Carolina,42724,97.902734,88.750927
Danny Holland,40,32435 May Path Suite 155,New Veronicastad,California,44444,12.093804,65.608928
Kimberly Wagner,65,32232 Cook Grove,New George,West Virginia,01351,92.100494,15.579807
Kelly Thomas,40,2830 Barker Bypass Apt. 145,Davidbury,Texas,57072,-28.905408,7.348852
Danielle Cox,66,748 Price Mission,Lake Jennifer,Massachusetts,50680,-80.800522,-45.281851
Kathleen Brown,63,38514 Roth Lodge,North Drew,Georgia,99416,169.534571,79.6251585
Jonathan Crosby,32,18700 Richard Grove,Charlesport,Wyoming,92911,-162.847275,25.9958315
Janet Lawrence,34,498 Sherry Lake Apt. 145,West Alexis,Idaho,71704,-74.737503,-81.908974
Heather Dunn,20,894 Amber Creek Apt. 604,West Paulfurt,Rhode Island,89092,-27.672657,78.032042
Colin Norris,65,862 Melinda Inlet,Lanechester,Florida,47965,53.001262,80.9689125
Lisa Nelson,50,04135 Tiffany Spurs,Justinbury,West Virginia,85340,26.936887,10.7123635
Robert Lewis,38,93946 Michael Burgs,New Jeffreyview,Michigan,78615,4.409333,44.316190
Charles Freeman,53,5991 Johnson Mill,Josephton,Texas,70549,110.985765,71.251293
Tammy Wolf,73,0708 Erickson Plains Suite 125,New Brianmouth,Oregon,32991,144.492497,-12.105945
Victor Greene,64,879 Boone Highway,Griffinborough,Ohio,04796,-160.827668,-28.488079
Eric Wong,76,7053 Brown Terrace Suite 446,Coxside,Georgia,77839,1.828233,-32.4188035
Christopher Murphy,58,4319 Fitzgerald Mountains Apt. 198,Port Tylerhaven,Connecticut,56408,-77.515909,-2.541038
Paul Wright,56,137 Mallory Manors,Lake Michellebury,Kansas,24510,35.252510,-31.4232455
Brenda Jones,76,305 Ward Locks,Andrewland,Washington,83507,127.933794,-3.8835945
Melinda Vasquez,41,24025 Debra Motorway,New Gregory,Maryland,78011,-57.366929,-54.4549845
Mitchell Nicholson,18,9361 Kellie Throughway Apt. 754,Wileyville,Colorado,66762,-41.580278,13.3168915
Michael Kim,29,47292 Long Parks,North Daniel,North Carolina,25920,-42.585649,-83.6474725
Suzanne Bowen,41,6935 Cox Lodge Suite 129,South Chrisland,Alaska,62703,-56.450745,-31.5220115
Nathan Carpenter,77,7515 Lance Well,Paigestad,Alaska,94959,-133.151656,-2.902523
Mr. Jacob Gomez,76,251 Griffin Streets,North Jacobhaven,Montana,71175,51.818786,60.2595665
Elizabeth Vargas,41,50446 Laura View,New Lee,Oklahoma,45035,82.307336,44.871201
Tamara Alvarez,37,5861 Young Drives Apt. 185,New Juan,Michigan,54548,164.903202,70.574409
Paul Robinson,78,732 Archer Ford,Floresville,Oregon,18087,101.293986,-30.459582
Anthony Young,66,2555 Schmidt Plain,North Isabella,Oregon,26423,-98.384453,45.939753
Todd Gaines,33,823 Justin Course,Lake Danielchester,Connecticut,36598,59.991934,-35.2895265
Kathryn Porter,57,110 Butler Freeway,Lake Daniel,Texas,57946,-107.184463,-25.404063
Elizabeth Mercado,26,90893 Washington Drives Suite 849,New Kim,Michigan,17798,-80.927160,-12.484254
Clinton Williams,50,0419 Burnett Ford Apt. 808,South Jamesfort,Kansas,09038,28.395778,-37.9265725
Jacqueline Lawrence,78,16563 David Grove Suite 565,New Andrewmouth,Hawaii,67353,80.288879,-16.2291335
Michael Cross,59,9866 Mary Summit Suite 065,South Carl,Oklahoma,71661,160.242356,-13.1073175
Martha Carter,38,481 Caldwell Lake Suite 877,East Sandra,Georgia,65760,-106.799952,39.941094
Leslie Schmidt,68,7253 Raven Drives,Williamton,Delaware,33512,55.286304,16.271677
Kimberly Campbell,62,95054 Antonio Ramp Apt. 611,New Charles,Ohio,52294,-20.069397,-18.804611
Michael Brewer,34,746 Hunt Trail Apt. 012,West Jasmine,Missouri,81114,130.790356,-13.2317435
Janet Sanchez,73,1008 Ashley Canyon Suite 637,Williamchester,Alaska,52171,175.604276,-39.601314
Monica Harris,25,43908 Angela Ridges Apt. 158,Port Anne,Hawaii,94964,36.653446,-32.587558
Sherri Gibson,29,9942 Melissa Lodge,North Johnchester,Idaho,45381,25.552400,-85.215453
Linda Shaffer,51,030 Karen Orchard Apt. 277,Mccarthyberg,Maryland,22740,-3.087178,-41.540350
Sabrina Brock,53,977 Atkins Glens,North Sonyaberg,Virginia,40258,3.997413,-42.2459725
Aaron Lane,54,083 Brooks Key,West Lisaland,Massachusetts,21693,95.150122,59.902184
Vanessa Williams,28,35085 Moore Shoals Suite 688,South Paula,South Dakota,37206,116.026718,66.242843
Sharon Henderson,36,982 Henderson Lakes,Leahburgh,Maine,26516,66.733417,86.4732575
William Hughes,23,42144 Moore Mill Suite 183,South Jessica,Alaska,40548,-28.751491,-49.242175
Dawn Anderson,50,9202 Livingston Station,Keithton,Ohio,23769,173.336815,-78.8733115
Jessica Case,24,7008 Boone Village,Timothyberg,Washington,85577,60.291780,31.927986
Regina Vasquez,68,96709 Randy Terrace Apt. 330,Meganstad,Illinois,44605,-52.529259,77.337691
Kathryn Carlson,31,23708 Lopez Shoal,Port Debraside,Kansas,81660,149.964605,-6.3772785
John Shelton,23,29045 Pamela Points,South Sarahmouth,Kentucky,33144,-29.325002,-29.617717
Debra Barrett,50,104 Reeves Street Apt. 586,Smithmouth,New Hampshire,67697,-149.651827,19.6068615
Mr. Thomas Lewis MD,48,455 King Spur Apt. 781,Lake Kelly,Indiana,00541,12.956458,-43.3057095
Reginald Banks,52,43277 Alyssa Mission,North Andrewborough,Alaska,49749,-154.604238,-21.6702775
Allison Thomas,36,6096 Brian Track,Port Brendastad,Connecticut,27182,-128.284886,-0.520681
Trevor Anderson,61,58995 Deborah Squares Suite 229,South Andrew,North Dakota,11831,-119.151073,-50.932265
Kendra Dougherty,28,48640 Rivera Mall Apt. 720,New Arthurton,Mississippi,62850,-39.416155,-57.3534915
Michele Duarte,77,806 Webb Crest,New Margaretshire,Massachusetts,42147,-52.781814,55.4078485
Kristy Brown,72,7679 Catherine Drive,Port Timothy,North Dakota,22019,53.877763,-3.255922
Matthew Yu,76,70784 John Corner Apt. 623,East John,Wyoming,33350,-78.411115,-67.8482775
Cheryl Bowen,59,4148 Roy Passage,Hufffort,Montana,82972,-138.221453,41.6943175
Seth Fleming,42,808 Phillips Park,Jasonstad,Missouri,11152,-55.502600,-35.9620245
Ashley Martinez,67,34811 Harvey Groves,Lake Kelly,Michigan,33919,-92.951115,58.507201
Kim Harmon,73,1103 Paula Stream,New Cheryl,Vermont,30842,-118.693661,-43.272781
Vincent Weaver,50,5799 Banks Orchard Suite 257,Ryanton,Maryland,63685,124.732903,-43.8481175
Jose Adams,60,072 Lance Run,Dannyburgh,South Dakota,96820,101.760518,54.9013855
Jesus Baker,51,199 Wilkins Mission,Phillipsshire,Wisconsin,09499,-137.486542,80.4478085
Michael Murphy,71,62587 Meyer Locks Apt. 504,East Pamelaside,Wisconsin,66243,155.512277,28.0003925
Tiffany Poole,48,653 Reyes Extension Apt. 861,Jamesville,New Hampshire,36632,-55.585834,1.0055085
Sarah Campbell,57,4071 Justin Corner Apt. 478,Angieberg,Georgia,08154,176.511384,-31.5561395
Alexandria Woods,33,785 Brady Gateway Suite 186,New Tinaport,Oregon,33834,-92.530735,-70.341605
Melissa Austin,64,82855 Robert Squares,East Eric,Vermont,77696,128.242366,24.520088
Jennifer Lawson,66,935 Victoria Lane,Kaylaburgh,Kansas,79648,-5.771706,7.1895825
Bonnie Hicks,47,72812 Abigail Inlet,Robertfort,Nevada,89845,66.548175,6.360149
Lindsey Arroyo,59,233 Emily Village Suite 858,Deanfurt,Pennsylvania,98938,-125.794772,-75.2269785
Andrea Miller,79,0460 Jackson Divide,Michellemouth,North Dakota,13995,-104.558329,-65.464791
Yesenia Davis,62,181 Larry Manor,Thomaschester,Hawaii,31163,-56.712241,-56.329251
Mary Brooks,48,227 Hernandez Islands Apt. 688,Erinville,Oregon,70574,168.288589,87.6583685
Nathan Maldonado,62,151 Nelson Lane,Stephaniefort,Alabama,20156,-71.025887,85.0437315
Joseph Cox,18,431 Joyce Terrace,West Dylan,South Dakota,01799,55.837706,-87.588324
Vickie Thomas,21,9288 Greer Square,Lake Johnmouth,Arizona,25347,-99.107937,15.7895785
Warren Bruce,68,1791 Conner Forest,Blanchardbury,Texas,20914,-175.482925,-5.532967
Kevin Lawrence,59,70098 Tracy Fort,South Johnmouth,Minnesota,29665,-67.091482,65.9232415
Jennifer Munoz,36,2276 Lee Mill Suite 068,North Randyview,Tennessee,95788,120.016951,81.1925235
Abigail Garrison,24,194 Walker Plains,North Sara,South Carolina,77779,-94.964545,-79.479666
April Johnson,34,039 Travis Branch,Torresport,California,42283,95.965003,85.149397
Shawn Ellis,73,21763 Jones Village,West Robertstad,Connecticut,60833,55.085439,-49.550215
Charles Saunders,58,924 Sanchez Freeway,Gardnerton,Louisiana,18580,178.505845,-16.9648985
Keith Gonzalez PhD,45,37507 Dawn Bridge Suite 717,North Michealland,Missouri,43443,-104.732138,-23.677035
Jonathan Glenn,30,9977 Kylie Gateway,Carterland,Kentucky,71920,151.477125,-84.054079
Christopher Hayden,23,7850 Gibson Overpass Suite 538,East Douglasmouth,Colorado,97680,-121.433750,-0.4394885
Sherry Gutierrez,51,25279 Morrison Mountain Suite 141,West Johnnyberg,Illinois,59443,27.414400,44.712911
Tanya Rivera,47,6804 Marisa Overpass,Catherinebury,Delaware,71068,-143.322761,-5.3245345
Chelsea Gonzales,71,525 Billy Orchard Apt. 655,Davidtown,Oklahoma,66237,28.214054,51.855213
Jeffrey Kent,28,23023 Michael Greens Suite 003,North Frederick,Virginia,27305,70.828680,-21.129827
Brittany Mills MD,21,0371 Craig River Apt. 955,Port Robert,Louisiana,65973,112.823679,13.3665885
Vincent Briggs,33,83146 Larry Course Apt. 202,New Andrew,Nevada,01166,-53.981808,73.7689825
Julie Villa,19,6412 Whitehead Branch Suite 205,Mathewmouth,Louisiana,71796,-13.729772,67.102570
Jennifer Ramos,68,8016 Eric View Apt. 416,Vancechester,Wisconsin,09846,86.295307,-55.485431
Keith Brown,60,1080 Porter Branch,South Timothyside,Alaska,56137,131.202435,-59.6269765
Joseph Hodge,61,7924 Jason Ranch,North James,West Virginia,73212,139.764946,82.9027705
Heather Martinez,20,22546 Garcia Haven,Carrollview,Utah,08410,-46.700272,35.6462605
Ashley Williams,80,308 Larry Mission Apt. 779,Gonzalezbury,New Hampshire,67405,143.917318,84.9511545
Joseph Pittman,78,50170 Henry Key,Rivershaven,Virginia,60850,-143.561171,9.0846895
Anthony Mcclure,62,33293 Crosby Parks Apt. 463,Snyderbury,Alaska,57866,-61.025447,-89.892658
Kristen Mcgrath,23,66874 Vazquez Locks Suite 906,Port Jonathanview,California,28218,-47.399886,8.7372715
Shelly Carpenter,45,1931 Kenneth Causeway Apt. 294,Dodsonmouth,Vermont,71024,19.391801,-57.8048585
John Navarro,52,9627 Maria Dam Suite 943,Adamsmouth,New Hampshire,49998,147.198834,24.0291175
Adam Smith,32,95048 Tyler Shoal,Thomasmouth,Arkansas,23127,-0.286867,88.948137
Misty Davis,77,9488 James Alley,Port Olivia,California,92816,-165.259281,-7.909149
Michael Sellers,66,2039 Williams Ports Suite 610,Connorton,New Mexico,11676,-126.220797,68.8638495
Linda Martinez,55,365 Fisher Motorway Suite 310,Hansenshire,Texas,95741,-90.775985,62.4086315
Matthew Miller,80,1356 Michael Crest,North Sean,Arkansas,69503,159.825505,-54.031675
Christopher Martin,72,4864 Tammy Club,North Ashleystad,West Virginia,63085,-31.010029,-1.3052315
Alicia Kirby,47,20894 Stephen Cove,New Anthony,Pennsylvania,22944,4.836738,1.7385295
Julie Wright,40,39209 Reynolds Ways,Colemanton,California,91330,82.980821,-45.978305
Kenneth Cross,39,105 Davis Squares,Codyview,Idaho,06450,72.202037,-86.2662125
Timothy Leach,43,6426 Flores Green,New Ronaldmouth,Texas,32485,154.326236,-60.0048425
Crystal Stone,34,035 Salas Stream,West Drewport,Arizona,05187,-15.976026,26.066014
Cheryl Martinez,37,04132 Charles Field,Nathanland,New Mexico,03315,158.215228,-39.909687
Jennifer Gates,44,2488 Joseph Trail Apt. 484,New Mary,Ohio,24627,-62.975523,4.7230705
Tina Henderson,66,2588 Rosales Manor Apt. 339,Guerrerofort,Michigan,81568,50.845026,7.672577
Michele Frost,38,95155 Lauren Unions,East Brett,New Jersey,05320,-159.863214,-73.285024
Erika Ferguson,42,7943 Martin Prairie,Jackville,Rhode Island,13649,16.270314,-33.3673215
Carmen Johnson,45,0867 Robinson Canyon Suite 268,Susanton,South Dakota,21728,-117.258991,39.8015615
Caroline Woodard,31,212 Strickland Port Suite 797,Flemingport,Alaska,08458,-9.281800,36.5090625
Dawn Sanchez,26,84416 Patrick Skyway,Bradleytown,Oregon,75887,-68.476459,29.741244
Donald Rojas,53,2498 Christina Courts,Laurenchester,Ohio,19597,53.829831,-5.2132665
Alex Brown,62,15308 Decker Viaduct,Cheryltown,Arkansas,09356,135.278969,69.2736595
Roger Figueroa,76,594 Williams Port,Jonesside,Nevada,52849,34.535239,75.362973
Gloria Burns,68,26984 Cross Dale,Davidchester,Michigan,35927,-79.834314,-88.069201
Brian Quinn,45,48595 Taylor Spring,East Danielberg,Indiana,18946,-137.350928,-55.842997
Ashley Dominguez,63,8511 Zimmerman Park,West Yesenia,Nevada,77795,148.580442,-85.227043
Roger Hobbs,41,739 Caitlin Isle Apt. 777,Lake Jonathan,Nebraska,48021,100.395112,-60.1617905
Jessica Holt,52,9781 Vazquez Road,New Tashaland,Louisiana,67645,164.079522,-81.0650085
Jennifer Jackson,19,8186 Sarah Union Suite 331,Kelseyside,Hawaii,18221,-154.519566,43.5088335
Michelle Parker,57,65037 Harrington Junction Suite 199,Vaughanside,West Virginia,11871,116.070628,13.687475
Mrs. Erica Evans MD,18,251 Joshua Manors Apt. 026,Higginsstad,Ohio,26130,81.662701,-5.790096
